fid,month,year,site.num,volume,turb,vvha,pilf,tlh,tdh,trh,path,temp,sal,,,,,,,,,,
1,4,2012,1,1,3,3,NaN,0,0,0,0,15,9,,,,,,,,,,
1,4,2012,1,0.1,3,2,NaN,0,0,0,0,15,9,,,,,,,,,,
1,4,2012,1,0.01,0,0,NaN,0,0,0,0,15,9,,,,,,,,,,
1,4,2012,1,0.001,0,0,NaN,0,0,0,0,15,9,,,,,,,,,,
1,4,2012,1,0.0001,0,0,NaN,0,0,0,0,15,9,,,,,,,,,,
2,4,2012,2,1,3,0,NaN,0,0,0,0,16,20,,,,,,,,,,
2,4,2012,2,0.1,3,1,NaN,0,0,0,0,16,20,,,,,,,,,,
2,4,2012,2,0.01,0,0,NaN,0,0,0,0,16,20,,,,,,,,,,
2,4,2012,2,0.001,0,0,NaN,0,0,0,0,16,20,,,,,,,,,,
2,4,2012,2,0.0001,0,0,NaN,0,0,0,0,16,20,,,,,,,,,,
2,4,2012,2,0.00001,0,0,NaN,0,0,0,0,16,20,,,,,,,,,,
2,4,2012,2,0.000001,0,0,NaN,0,0,0,0,16,20,,,,,,,,,,
3,4,2012,3,1,3,0,NaN,3,0,1,1,15,17,,,,,,,,,,
3,4,2012,3,0.1,3,0,NaN,2,2,0,2,15,17,,,,,,,,,,
3,4,2012,3,0.01,1,0,NaN,0,0,0,0,15,17,,,,,,,,,,
3,4,2012,3,0.001,0,0,NaN,0,0,0,0,15,17,,,,,,,,,,
4,5,2012,1,1,3,3,NaN,3,0,0,0,22,14,,,,,,,,,,
4,5,2012,1,0.1,3,3,NaN,3,0,1,1,22,14,,,,,,,,,,
4,5,2012,1,0.01,3,0,NaN,1,0,0,0,22,14,,,,,,,,,,
4,5,2012,1,0.001,0,0,NaN,0,0,0,0,22,14,,,,,,,,,,
4,5,2012,1,0.0001,0,0,NaN,0,0,0,0,22,14,,,,,,,,,,
4,5,2012,1,0.00001,0,0,NaN,0,0,0,0,22,14,,,,,,,,,,
4,5,2012,1,0.000001,0,0,NaN,0,0,0,0,22,14,,,,,,,,,,
5,5,2012,2,1,3,0,NaN,3,0,0,0,20,21,,,,,,,,,,
5,5,2012,2,0.1,3,0,NaN,0,0,0,0,20,21,,,,,,,,,,
5,5,2012,2,0.01,0,0,NaN,0,0,0,0,20,21,,,,,,,,,,
5,5,2012,2,0.001,0,0,NaN,0,0,0,0,20,21,,,,,,,,,,
5,5,2012,2,0.0001,0,0,NaN,0,0,0,0,20,21,,,,,,,,,,
5,5,2012,2,0.00001,0,0,NaN,0,0,0,0,20,21,,,,,,,,,,
5,5,2012,2,0.000001,0,0,NaN,0,0,0,0,20,21,,,,,,,,,,
6,5,2012,3,1,3,1,NaN,3,0,0,0,22,21,,,,,,,,,,
6,5,2012,3,0.1,3,0,NaN,0,0,0,0,22,21,,,,,,,,,,
6,5,2012,3,0.01,1,0,NaN,0,0,0,0,22,21,,,,,,,,,,
6,5,2012,3,0.001,0,0,NaN,0,0,0,0,22,21,,,,,,,,,,
6,5,2012,3,0.0001,0,0,NaN,0,0,0,0,22,21,,,,,,,,,,
6,5,2012,3,0.00001,0,0,NaN,0,0,0,0,22,21,,,,,,,,,,
6,5,2012,3,0.000001,0,0,NaN,0,0,0,0,22,21,,,,,,,,,,
7,6,2012,1,1,3,3,NaN,3,0,0,0,23,15,,,,,,,,,,
7,6,2012,1,0.1,3,3,NaN,3,0,0,0,23,15,,,,,,,,,,
7,6,2012,1,0.01,3,3,NaN,3,0,0,0,23,15,,,,,,,,,,
7,6,2012,1,0.001,0,0,NaN,0,0,0,0,23,15,,,,,,,,,,
7,6,2012,1,0.0001,0,0,NaN,0,0,0,0,23,15,,,,,,,,,,
7,6,2012,1,0.00001,0,0,NaN,0,0,0,0,23,15,,,,,,,,,,
7,6,2012,1,0.000001,0,0,NaN,0,0,0,0,23,15,,,,,,,,,,
8,6,2012,2,1,3,3,NaN,3,0,1,1,26,22,,,,,,,,,,
8,6,2012,2,0.1,3,3,NaN,2,0,0,0,26,22,,,,,,,,,,
8,6,2012,2,0.01,3,0,NaN,0,0,0,0,26,22,,,,,,,,,,
8,6,2012,2,0.001,0,0,NaN,0,0,0,0,26,22,,,,,,,,,,
8,6,2012,2,0.0001,0,0,NaN,0,0,0,0,26,22,,,,,,,,,,
8,6,2012,2,0.00001,0,0,NaN,0,0,0,0,26,22,,,,,,,,,,
8,6,2012,2,0.000001,0,0,NaN,0,0,0,0,26,22,,,,,,,,,,
9,6,2012,3,1,3,3,NaN,3,0,0,0,26,22,,,,,,,,,,
9,6,2012,3,0.1,3,3,NaN,3,0,0,0,26,22,,,,,,,,,,
9,6,2012,3,0.01,3,0,NaN,1,0,0,0,26,22,,,,,,,,,,
9,6,2012,3,0.001,0,0,NaN,0,0,0,0,26,22,,,,,,,,,,
9,6,2012,3,0.0001,0,0,NaN,0,0,0,0,26,22,,,,,,,,,,
9,6,2012,3,0.00001,0,0,NaN,0,0,0,0,26,22,,,,,,,,,,
9,6,2012,3,0.000001,0,0,NaN,0,0,0,0,26,22,,,,,,,,,,
10,7,2012,1,1,3,3,2,3,0,0,0,28,15,,,,,,,,,,
10,7,2012,1,0.1,3,3,2,2,0,0,0,28,15,,,,,,,,,,
10,7,2012,1,0.01,3,1,0,0,0,0,0,28,15,,,,,,,,,,
10,7,2012,1,0.001,1,0,0,0,0,0,0,28,15,,,,,,,,,,
10,7,2012,1,0.0001,0,0,0,0,0,0,0,28,15,,,,,,,,,,
10,7,2012,1,0.00001,0,0,0,0,0,0,0,28,15,,,,,,,,,,
10,7,2012,1,0.000001,0,0,0,0,0,0,0,28,15,,,,,,,,,,
11,7,2012,2,1,3,3,3,3,0,0,0,29,24,,,,,,,,,,
11,7,2012,2,0.1,3,3,2,3,0,0,0,29,24,,,,,,,,,,
11,7,2012,2,0.01,3,1,0,1,0,0,0,29,24,,,,,,,,,,
11,7,2012,2,0.001,3,0,0,0,0,0,0,29,24,,,,,,,,,,
11,7,2012,2,0.0001,0,0,0,0,0,0,0,29,24,,,,,,,,,,
11,7,2012,2,0.00001,0,0,0,0,0,0,0,29,24,,,,,,,,,,
11,7,2012,2,0.000001,0,0,0,0,0,0,0,29,24,,,,,,,,,,
12,7,2012,3,1,3,3,3,3,0,0,0,28,15,,,,,,,,,,
12,7,2012,3,0.1,3,2,2,1,0,0,0,28,15,,,,,,,,,,
12,7,2012,3,0.01,2,1,0,0,0,0,0,28,15,,,,,,,,,,
12,7,2012,3,0.001,0,0,0,0,0,0,0,28,15,,,,,,,,,,
12,7,2012,3,0.0001,0,0,0,0,0,0,0,28,15,,,,,,,,,,
12,7,2012,3,0.00001,0,0,0,0,0,0,0,28,15,,,,,,,,,,
12,7,2012,3,0.000001,0,0,0,0,0,0,0,28,15,,,,,,,,,,
13,8,2012,1,1,3,3,NaN,3,0,0,0,29,14,,,,,,,,,,
13,8,2012,1,0.1,3,3,NaN,3,0,0,0,29,14,,,,,,,,,,
13,8,2012,1,0.01,3,3,NaN,3,0,0,0,29,14,,,,,,,,,,
13,8,2012,1,0.001,2,2,NaN,1,0,0,0,29,14,,,,,,,,,,
13,8,2012,1,0.0001,1,1,NaN,0,0,0,0,29,14,,,,,,,,,,
13,8,2012,1,0.00001,0,0,NaN,0,0,0,0,29,14,,,,,,,,,,
13,8,2012,1,0.000001,0,0,NaN,0,0,0,0,29,14,,,,,,,,,,
14,8,2012,2,1,3,3,NaN,3,0,1,1,29,24,,,,,,,,,,
14,8,2012,2,0.1,3,2,NaN,2,0,1,1,29,24,,,,,,,,,,
14,8,2012,2,0.01,3,0,NaN,0,0,0,0,29,24,,,,,,,,,,
14,8,2012,2,0.001,1,0,NaN,0,0,0,0,29,24,,,,,,,,,,
14,8,2012,2,0.0001,0,0,NaN,0,0,0,0,29,24,,,,,,,,,,
14,8,2012,2,0.00001,0,0,NaN,0,0,0,0,29,24,,,,,,,,,,
14,8,2012,2,0.000001,0,0,NaN,0,0,0,0,29,24,,,,,,,,,,
15,8,2012,3,1,3,3,NaN,3,0,0,0,29,14,,,,,,,,,,
15,8,2012,3,0.1,3,3,NaN,1,0,0,0,29,14,,,,,,,,,,
15,8,2012,3,0.01,3,0,NaN,0,0,0,0,29,14,,,,,,,,,,
15,8,2012,3,0.001,0,0,NaN,0,0,0,0,29,14,,,,,,,,,,
15,8,2012,3,0.0001,1,0,NaN,0,0,0,0,29,14,,,,,,,,,,
15,8,2012,3,0.00001,0,0,NaN,0,0,0,0,29,14,,,,,,,,,,
15,8,2012,3,0.000001,0,0,NaN,0,0,0,0,29,14,,,,,,,,,,
16,9,2012,1,1,3,3,3,3,0,0,0,26,14,,,,,,,,,,
16,9,2012,1,0.1,3,3,0,2,0,0,0,26,14,,,,,,,,,,
16,9,2012,1,0.01,1,0,0,0,0,0,0,26,14,,,,,,,,,,
16,9,2012,1,0.001,0,0,0,0,0,0,0,26,14,,,,,,,,,,
16,9,2012,1,0.0001,0,0,0,0,0,0,0,26,14,,,,,,,,,,
16,9,2012,1,0.00001,0,0,0,0,0,0,0,26,14,,,,,,,,,,
16,9,2012,1,0.000001,0,0,0,0,0,0,0,26,14,,,,,,,,,,
17,9,2012,2,1,3,3,3,3,2,0,2,25,22,,,,,,,,,,
17,9,2012,2,0.1,3,2,1,3,0,0,0,25,22,,,,,,,,,,
17,9,2012,2,0.01,3,1,1,3,0,0,0,25,22,,,,,,,,,,
17,9,2012,2,0.001,2,0,0,2,0,0,0,25,22,,,,,,,,,,
17,9,2012,2,0.0001,1,0,0,1,0,0,0,25,22,,,,,,,,,,
17,9,2012,2,0.00001,1,0,0,0,0,0,0,25,22,,,,,,,,,,
17,9,2012,2,0.000001,0,0,0,0,0,0,0,25,22,,,,,,,,,,
18,9,2012,3,1,3,3,2,3,0,0,0,24,20,,,,,,,,,,
18,9,2012,3,0.1,3,0,0,1,0,0,0,24,20,,,,,,,,,,
18,9,2012,3,0.01,3,0,0,0,0,0,0,24,20,,,,,,,,,,
18,9,2012,3,0.001,0,0,0,0,0,0,0,24,20,,,,,,,,,,
18,9,2012,3,0.0001,0,0,0,0,0,0,0,24,20,,,,,,,,,,
18,9,2012,3,0.00001,0,0,0,0,0,0,0,24,20,,,,,,,,,,
18,9,2012,3,0.000001,0,0,0,0,0,0,0,24,20,,,,,,,,,,
19,10,2012,1,1,3,3,3,3,0,0,0,18,15,,,,,,,,,,
19,10,2012,1,0.1,3,2,1,2,0,0,0,18,15,,,,,,,,,,
19,10,2012,1,0.01,2,0,0,0,0,0,0,18,15,,,,,,,,,,
19,10,2012,1,0.001,1,0,0,0,0,0,0,18,15,,,,,,,,,,
19,10,2012,1,0.0001,0,0,0,0,0,0,0,18,15,,,,,,,,,,
19,10,2012,1,0.00001,0,0,0,0,0,0,0,18,15,,,,,,,,,,
19,10,2012,1,0.000001,0,0,0,0,0,0,0,18,15,,,,,,,,,,
20,10,2012,2,1,3,3,2,3,0,0,0,20,21,,,,,,,,,,
20,10,2012,2,0.1,3,1,1,1,0,0,0,20,21,,,,,,,,,,
20,10,2012,2,0.01,3,0,0,0,0,0,0,20,21,,,,,,,,,,
20,10,2012,2,0.001,3,0,0,0,0,0,0,20,21,,,,,,,,,,
20,10,2012,2,0.0001,0,0,0,0,0,0,0,20,21,,,,,,,,,,
20,10,2012,2,0.00001,0,0,0,0,0,0,0,20,21,,,,,,,,,,
20,10,2012,2,0.000001,0,0,0,0,0,0,0,20,21,,,,,,,,,,
21,10,2012,3,1,3,2,2,2,0,0,0,22,21,,,,,,,,,,
21,10,2012,3,0.1,3,1,0,1,0,0,0,22,21,,,,,,,,,,
21,10,2012,3,0.01,2,0,0,0,0,0,0,22,21,,,,,,,,,,
21,10,2012,3,0.001,0,0,0,0,0,0,0,22,21,,,,,,,,,,
21,10,2012,3,0.0001,0,0,0,0,0,0,0,22,21,,,,,,,,,,
21,10,2012,3,0.00001,0,0,0,0,0,0,0,22,21,,,,,,,,,,
21,10,2012,3,0.000001,0,0,0,0,0,0,0,22,21,,,,,,,,,,
22,11,2012,1,1,3,2,NaN,2,0,0,0,8,14,,,,,,,,,,
22,11,2012,1,0.1,2,0,NaN,0,0,0,0,8,14,,,,,,,,,,
22,11,2012,1,0.01,0,0,NaN,0,0,0,0,8,14,,,,,,,,,,
22,11,2012,1,0.001,0,0,NaN,0,0,0,0,8,14,,,,,,,,,,
22,11,2012,1,0.0001,0,0,NaN,0,0,0,0,8,14,,,,,,,,,,
22,11,2012,1,0.00001,0,0,NaN,0,0,0,0,8,14,,,,,,,,,,
22,11,2012,1,0.000001,0,0,NaN,0,0,0,0,8,14,,,,,,,,,,
23,11,2012,2,1,3,0,NaN,0,0,0,0,9,21,,,,,,,,,,
23,11,2012,2,0.1,0,0,NaN,0,0,0,0,9,21,,,,,,,,,,
23,11,2012,2,0.01,0,0,NaN,0,0,0,0,9,21,,,,,,,,,,
23,11,2012,2,0.001,0,0,NaN,0,0,0,0,9,21,,,,,,,,,,
23,11,2012,2,0.0001,0,0,NaN,0,0,0,0,9,21,,,,,,,,,,
23,11,2012,2,0.00001,0,0,NaN,0,0,0,0,9,21,,,,,,,,,,
23,11,2012,2,0.000001,0,0,NaN,0,0,0,0,9,21,,,,,,,,,,
24,4,2014,1,1,3,0,0,0,0,0,0,14,11,,,,,,,,,,
24,4,2014,1,0.1,3,1,0,0,0,0,0,14,11,,,,,,,,,,
24,4,2014,1,0.01,1,0,0,0,0,0,0,14,11,,,,,,,,,,
24,4,2014,1,0.001,0,0,0,0,0,0,0,14,11,,,,,,,,,,
24,4,2014,1,0.0001,0,0,0,0,0,0,0,14,11,,,,,,,,,,
24,4,2014,1,0.00001,0,0,0,0,0,0,0,14,11,,,,,,,,,,
25,4,2014,2,1,3,0,0,0,0,0,0,15,19,,,,,,,,,,
25,4,2014,2,0.1,3,0,0,0,0,0,0,15,19,,,,,,,,,,
25,4,2014,2,0.01,1,0,0,0,0,0,0,15,19,,,,,,,,,,
25,4,2014,2,0.001,0,0,0,0,0,0,0,15,19,,,,,,,,,,
25,4,2014,2,0.0001,0,0,0,0,0,0,0,15,19,,,,,,,,,,
25,4,2014,2,0.00001,0,0,0,0,0,0,0,15,19,,,,,,,,,,
26,4,2014,4,1,3,0,0,0,0,0,0,14,34,,,,,,,,,,
26,4,2014,4,0.1,0,0,0,0,0,0,0,14,34,,,,,,,,,,
26,4,2014,4,0.01,0,0,0,0,0,0,0,14,34,,,,,,,,,,
26,4,2014,4,0.001,0,0,0,0,0,0,0,14,34,,,,,,,,,,
26,4,2014,4,0.0001,0,0,0,0,0,0,0,14,34,,,,,,,,,,
26,4,2014,4,0.00001,0,0,0,0,0,0,0,14,34,,,,,,,,,,
27,5,2014,1,1,3,0,0,0,0,0,0,18,8,,,,,,,,,,
27,5,2014,1,0.1,3,0,0,0,0,0,0,18,8,,,,,,,,,,
27,5,2014,1,0.01,0,0,0,0,0,0,0,18,8,,,,,,,,,,
27,5,2014,1,0.001,0,0,0,0,0,0,0,18,8,,,,,,,,,,
27,5,2014,1,0.0001,0,0,0,0,0,0,0,18,8,,,,,,,,,,
27,5,2014,1,0.00001,0,0,0,0,0,0,0,18,8,,,,,,,,,,
28,5,2014,2,1,3,0,0,0,0,0,0,16,13,,,,,,,,,,
28,5,2014,2,0.1,3,0,0,0,0,0,0,16,13,,,,,,,,,,
28,5,2014,2,0.01,3,0,0,0,0,0,0,16,13,,,,,,,,,,
28,5,2014,2,0.001,0,0,0,0,0,0,0,16,13,,,,,,,,,,
28,5,2014,2,0.0001,0,0,0,0,0,0,0,16,13,,,,,,,,,,
28,5,2014,2,0.00001,0,0,0,0,0,0,0,16,13,,,,,,,,,,
29,5,2014,4,1,3,0,0,0,0,0,0,16,34,,,,,,,,,,
29,5,2014,4,0.1,0,0,0,0,0,0,0,16,34,,,,,,,,,,
29,5,2014,4,0.01,0,0,0,0,0,0,0,16,34,,,,,,,,,,
29,5,2014,4,0.001,0,0,0,0,0,0,0,16,34,,,,,,,,,,
29,5,2014,4,0.0001,0,0,0,0,0,0,0,16,34,,,,,,,,,,
29,5,2014,4,0.00001,0,0,0,0,0,0,0,16,34,,,,,,,,,,
30,5,2014,1,1,3,3,2,0,0,0,0,21,7,,,,,,,,,,
30,5,2014,1,0.1,3,2,1,0,0,0,0,21,7,,,,,,,,,,
30,5,2014,1,0.01,2,2,0,0,0,0,0,21,7,,,,,,,,,,
30,5,2014,1,0.001,0,0,0,0,0,0,0,21,7,,,,,,,,,,
30,5,2014,1,0.0001,0,0,0,0,0,0,0,21,7,,,,,,,,,,
30,5,2014,1,0.00001,0,0,0,0,0,0,0,21,7,,,,,,,,,,
31,5,2014,2,1,3,3,2,3,1,0,1,21,17,,,,,,,,,,
31,5,2014,2,0.1,3,1,0,2,0,0,0,21,17,,,,,,,,,,
31,5,2014,2,0.01,1,1,0,1,0,0,0,21,17,,,,,,,,,,
31,5,2014,2,0.001,0,0,0,0,0,0,0,21,17,,,,,,,,,,
31,5,2014,2,0.0001,0,0,0,0,0,0,0,21,17,,,,,,,,,,
31,5,2014,2,0.00001,0,0,0,0,0,0,0,21,17,,,,,,,,,,
32,5,2014,4,1,3,0,0,3,2,0,2,19,32,,,,,,,,,,
32,5,2014,4,0.1,3,0,0,2,1,0,1,19,32,,,,,,,,,,
32,5,2014,4,0.01,3,0,0,0,0,0,0,19,32,,,,,,,,,,
32,5,2014,4,0.001,0,0,0,0,0,0,0,19,32,,,,,,,,,,
32,5,2014,4,0.0001,0,0,0,0,0,0,0,19,32,,,,,,,,,,
32,5,2014,4,0.00001,0,0,0,0,0,0,0,19,32,,,,,,,,,,
33,6,2014,1,1,3,3,3,0,0,0,0,22,7,,,,,,,,,,
33,6,2014,1,0.1,3,3,3,0,0,0,0,22,7,,,,,,,,,,
33,6,2014,1,0.01,3,1,0,0,0,0,0,22,7,,,,,,,,,,
33,6,2014,1,0.001,1,0,0,0,0,0,0,22,7,,,,,,,,,,
33,6,2014,1,0.0001,0,0,0,0,0,0,0,22,7,,,,,,,,,,
33,6,2014,1,0.00001,0,0,0,0,0,0,0,22,7,,,,,,,,,,
34,6,2014,2,1,3,3,3,3,2,0,2,26,16,,,,,,,,,,
34,6,2014,2,0.1,3,2,2,3,0,0,0,26,16,,,,,,,,,,
34,6,2014,2,0.01,3,0,0,0,0,0,0,26,16,,,,,,,,,,
34,6,2014,2,0.001,3,0,0,0,0,0,0,26,16,,,,,,,,,,
34,6,2014,2,0.0001,1,2,1,1,0,0,0,26,16,,,,,,,,,,
34,6,2014,2,0.00001,0,0,0,0,0,0,0,26,16,,,,,,,,,,
35,6,2014,4,1,3,0,0,2,1,0,1,24,30,,,,,,,,,,
35,6,2014,4,0.1,3,1,0,1,0,0,0,24,30,,,,,,,,,,
35,6,2014,4,0.01,0,0,0,0,0,0,0,24,30,,,,,,,,,,
35,6,2014,4,0.001,0,0,0,0,0,0,0,24,30,,,,,,,,,,
35,6,2014,4,0.0001,0,0,0,0,0,0,0,24,30,,,,,,,,,,
35,6,2014,4,0.00001,0,0,0,0,0,0,0,24,30,,,,,,,,,,
36,6,2014,1,1,3,3,3,1,0,0,0,27,10,,,,,,,,,,
36,6,2014,1,0.1,3,3,2,1,0,0,0,27,10,,,,,,,,,,
36,6,2014,1,0.01,3,3,1,0,0,0,0,27,10,,,,,,,,,,
36,6,2014,1,0.001,1,1,0,0,0,0,0,27,10,,,,,,,,,,
36,6,2014,1,0.0001,0,0,0,0,0,0,0,27,10,,,,,,,,,,
36,6,2014,1,0.00001,0,0,0,0,0,0,0,27,10,,,,,,,,,,
37,6,2014,2,1,3,3,3,3,2,1,2,28,20,,,,,,,,,,
37,6,2014,2,0.1,3,3,2,3,1,0,1,28,20,,,,,,,,,,
37,6,2014,2,0.01,3,0,0,2,0,1,1,28,20,,,,,,,,,,
37,6,2014,2,0.001,3,1,0,1,0,0,0,28,20,,,,,,,,,,
37,6,2014,2,0.0001,0,0,0,0,0,0,0,28,20,,,,,,,,,,
37,6,2014,2,0.00001,0,0,0,0,0,0,0,28,20,,,,,,,,,,
38,6,2014,4,1,3,1,1,3,1,1,1,27,34,,,,,,,,,,
38,6,2014,4,0.1,3,0,0,3,0,0,0,27,34,,,,,,,,,,
38,6,2014,4,0.01,3,0,0,0,0,0,0,27,34,,,,,,,,,,
38,6,2014,4,0.001,2,0,0,0,0,0,0,27,34,,,,,,,,,,
38,6,2014,4,0.0001,1,1,1,0,0,0,0,27,34,,,,,,,,,,
38,6,2014,4,0.00001,0,0,0,0,0,0,0,27,34,,,,,,,,,,
39,7,2014,1,1,3,3,3,3,0,0,0,27,10,,,,,,,,,,
39,7,2014,1,0.1,3,3,2,2,0,0,0,27,10,,,,,,,,,,
39,7,2014,1,0.01,3,3,2,0,0,0,0,27,10,,,,,,,,,,
39,7,2014,1,0.001,0,0,0,0,0,0,0,27,10,,,,,,,,,,
39,7,2014,1,0.0001,0,0,0,0,0,0,0,27,10,,,,,,,,,,
39,7,2014,1,0.00001,0,0,0,0,0,0,0,27,10,,,,,,,,,,
40,7,2014,2,1,3,3,3,3,0,1,1,26,19,,,,,,,,,,
40,7,2014,2,0.1,3,3,3,3,0,0,0,26,19,,,,,,,,,,
40,7,2014,2,0.01,3,0,0,1,0,0,0,26,19,,,,,,,,,,
40,7,2014,2,0.001,2,0,0,0,0,0,0,26,19,,,,,,,,,,
40,7,2014,2,0.0001,0,0,0,0,0,0,0,26,19,,,,,,,,,,
40,7,2014,2,0.00001,0,0,0,0,0,0,0,26,19,,,,,,,,,,
41,7,2014,4,1,3,0,0,3,0,1,1,26,34,,,,,,,,,,
41,7,2014,4,0.1,3,0,0,3,0,0,0,26,34,,,,,,,,,,
41,7,2014,4,0.01,1,0,0,0,0,0,0,26,34,,,,,,,,,,
41,7,2014,4,0.001,0,0,0,0,0,0,0,26,34,,,,,,,,,,
41,7,2014,4,0.0001,0,0,0,0,0,0,0,26,34,,,,,,,,,,
41,7,2014,4,0.00001,0,0,0,0,0,0,0,26,34,,,,,,,,,,
42,7,2014,1,1,3,3,3,3,0,0,0,27,12,,,,,,,,,,
42,7,2014,1,0.1,3,3,0,2,0,0,0,27,12,,,,,,,,,,
42,7,2014,1,0.01,3,2,0,1,0,0,0,27,12,,,,,,,,,,
42,7,2014,1,0.001,1,1,0,0,0,0,0,27,12,,,,,,,,,,
42,7,2014,1,0.0001,0,0,0,0,0,0,0,27,12,,,,,,,,,,
42,7,2014,1,0.00001,0,0,0,0,0,0,0,27,12,,,,,,,,,,
43,7,2014,2,1,3,3,3,3,0,0,0,28,20,,,,,,,,,,
43,7,2014,2,0.1,3,3,3,3,0,0,0,28,20,,,,,,,,,,
43,7,2014,2,0.01,3,2,1,3,0,0,0,28,20,,,,,,,,,,
43,7,2014,2,0.001,2,2,2,1,0,0,0,28,20,,,,,,,,,,
43,7,2014,2,0.0001,1,0,0,2,0,0,0,28,20,,,,,,,,,,
43,7,2014,2,0.00001,0,0,0,0,0,0,0,28,20,,,,,,,,,,
44,7,2014,4,1,3,1,0,3,0,0,0,27,33,,,,,,,,,,
44,7,2014,4,0.1,3,0,0,3,0,0,0,27,33,,,,,,,,,,
44,7,2014,4,0.01,1,0,0,2,0,0,0,27,33,,,,,,,,,,
44,7,2014,4,0.001,0,0,0,0,0,0,0,27,33,,,,,,,,,,
44,7,2014,4,0.0001,0,0,0,0,0,0,0,27,33,,,,,,,,,,
44,7,2014,4,0.00001,0,0,0,0,0,0,0,27,33,,,,,,,,,,
45,7,2014,1,1,3,3,3,3,0,0,0,26,11,,,,,,,,,,
45,7,2014,1,0.1,3,3,2,2,0,0,0,26,11,,,,,,,,,,
45,7,2014,1,0.01,3,1,0,0,0,0,0,26,11,,,,,,,,,,
45,7,2014,1,0.001,2,1,0,1,0,0,0,26,11,,,,,,,,,,
45,7,2014,1,0.0001,0,0,0,0,0,0,0,26,11,,,,,,,,,,
45,7,2014,1,0.00001,0,0,0,0,0,0,0,26,11,,,,,,,,,,
46,7,2014,2,1,3,3,2,3,0,0,0,25,22,,,,,,,,,,
46,7,2014,2,0.1,3,2,0,1,0,0,0,25,22,,,,,,,,,,
46,7,2014,2,0.01,3,1,0,0,0,0,0,25,22,,,,,,,,,,
46,7,2014,2,0.001,0,0,0,0,0,0,0,25,22,,,,,,,,,,
46,7,2014,2,0.0001,0,0,0,0,0,0,0,25,22,,,,,,,,,,
46,7,2014,2,0.00001,0,0,0,0,0,0,0,25,22,,,,,,,,,,
47,7,2014,4,1,3,1,0,3,0,0,0,26,33,,,,,,,,,,
47,7,2014,4,0.1,3,1,0,2,0,0,0,26,33,,,,,,,,,,
47,7,2014,4,0.01,2,0,0,0,0,0,0,26,33,,,,,,,,,,
47,7,2014,4,0.001,1,1,0,1,0,0,0,26,33,,,,,,,,,,
47,7,2014,4,0.0001,0,0,0,0,0,0,0,26,33,,,,,,,,,,
47,7,2014,4,0.00001,0,0,0,0,0,0,0,26,33,,,,,,,,,,
48,8,2014,1,1,3,3,3,3,0,0,0,27,12,,,,,,,,,,
48,8,2014,1,0.1,3,3,3,1,0,0,0,27,12,,,,,,,,,,
48,8,2014,1,0.01,3,1,1,1,0,0,0,27,12,,,,,,,,,,
48,8,2014,1,0.001,2,1,1,0,0,0,0,27,12,,,,,,,,,,
48,8,2014,1,0.0001,0,0,0,0,0,0,0,27,12,,,,,,,,,,
48,8,2014,1,0.00001,0,0,0,0,0,0,0,27,12,,,,,,,,,,
49,8,2014,2,1,3,3,3,3,0,1,1,25,21,,,,,,,,,,
49,8,2014,2,0.1,3,3,3,3,0,0,0,25,21,,,,,,,,,,
49,8,2014,2,0.01,3,2,1,1,0,0,0,25,21,,,,,,,,,,
49,8,2014,2,0.001,1,0,0,1,1,0,1,25,21,,,,,,,,,,
49,8,2014,2,0.0001,0,0,0,0,0,0,0,25,21,,,,,,,,,,
49,8,2014,2,0.00001,0,0,0,0,0,0,0,25,21,,,,,,,,,,
50,8,2014,4,1,3,1,0,3,0,0,0,26,35,,,,,,,,,,
50,8,2014,4,0.1,3,0,0,2,0,0,0,26,35,,,,,,,,,,
50,8,2014,4,0.01,0,0,0,0,0,0,0,26,35,,,,,,,,,,
50,8,2014,4,0.001,0,0,0,0,0,0,0,26,35,,,,,,,,,,
50,8,2014,4,0.0001,0,0,0,0,0,0,0,26,35,,,,,,,,,,
50,8,2014,4,0.00001,0,0,0,0,0,0,0,26,35,,,,,,,,,,
51,8,2014,1,1,3,3,3,3,0,0,0,25,11,,,,,,,,,,
51,8,2014,1,0.1,3,3,3,2,0,0,0,25,11,,,,,,,,,,
51,8,2014,1,0.01,2,2,0,2,0,0,0,25,11,,,,,,,,,,
51,8,2014,1,0.001,1,1,1,2,0,0,0,25,11,,,,,,,,,,
51,8,2014,1,0.0001,0,0,0,0,0,0,0,25,11,,,,,,,,,,
51,8,2014,1,0.00001,0,0,0,0,0,0,0,25,11,,,,,,,,,,
52,8,2014,2,1,3,3,3,3,0,1,1,24,21,,,,,,,,,,
52,8,2014,2,0.1,3,3,0,3,0,0,0,24,21,,,,,,,,,,
52,8,2014,2,0.01,3,2,1,1,0,0,0,24,21,,,,,,,,,,
52,8,2014,2,0.001,1,1,0,0,0,0,0,24,21,,,,,,,,,,
52,8,2014,2,0.0001,0,0,0,0,0,0,0,24,21,,,,,,,,,,
52,8,2014,2,0.00001,0,0,0,0,0,0,0,24,21,,,,,,,,,,
53,8,2014,4,1,3,0,0,3,0,0,0,25,35,,,,,,,,,,
53,8,2014,4,0.1,3,1,0,1,0,0,0,25,35,,,,,,,,,,
53,8,2014,4,0.01,0,0,0,0,0,0,0,25,35,,,,,,,,,,
53,8,2014,4,0.001,0,0,0,0,0,0,0,25,35,,,,,,,,,,
53,8,2014,4,0.0001,0,0,0,0,0,0,0,25,35,,,,,,,,,,
53,8,2014,4,0.00001,0,0,0,0,0,0,0,25,35,,,,,,,,,,
54,9,2014,1,1,3,3,3,3,0,0,0,24,15,,,,,,,,,,
54,9,2014,1,0.1,3,3,3,3,0,0,0,24,15,,,,,,,,,,
54,9,2014,1,0.01,3,3,3,2,0,0,0,24,15,,,,,,,,,,
54,9,2014,1,0.001,3,3,1,0,0,0,0,24,15,,,,,,,,,,
54,9,2014,1,0.0001,2,2,1,1,0,0,0,24,15,,,,,,,,,,
54,9,2014,1,0.00001,0,0,0,0,0,0,0,24,15,,,,,,,,,,
55,9,2014,2,1,3,3,3,3,0,0,0,24,22,,,,,,,,,,
55,9,2014,2,0.1,3,3,3,3,0,0,0,24,22,,,,,,,,,,
55,9,2014,2,0.01,3,3,1,3,0,0,0,24,22,,,,,,,,,,
55,9,2014,2,0.001,3,1,1,2,0,0,0,24,22,,,,,,,,,,
55,9,2014,2,0.0001,1,0,0,1,0,0,0,24,22,,,,,,,,,,
55,9,2014,2,0.00001,0,0,0,0,0,0,0,24,22,,,,,,,,,,
56,9,2014,4,1,3,1,0,3,1,0,1,25,30,,,,,,,,,,
56,9,2014,4,0.1,3,0,0,3,0,0,0,25,30,,,,,,,,,,
56,9,2014,4,0.01,1,1,0,1,0,0,0,25,30,,,,,,,,,,
56,9,2014,4,0.001,1,2,1,2,0,0,0,25,30,,,,,,,,,,
56,9,2014,4,0.0001,0,0,0,0,0,0,0,25,30,,,,,,,,,,
56,9,2014,4,0.00001,0,0,0,0,0,0,0,25,30,,,,,,,,,,
57,9,2014,1,1,3,3,3,3,0,0,0,22,14,,,,,,,,,,
57,9,2014,1,0.1,3,3,3,3,0,0,0,22,14,,,,,,,,,,
57,9,2014,1,0.01,3,3,3,3,0,0,0,22,14,,,,,,,,,,
57,9,2014,1,0.001,3,3,1,0,0,0,0,22,14,,,,,,,,,,
57,9,2014,1,0.0001,1,1,1,3,0,0,0,22,14,,,,,,,,,,
57,9,2014,1,0.00001,0,0,0,0,0,0,0,22,14,,,,,,,,,,
58,9,2014,2,1,3,3,3,3,0,0,0,24,21,,,,,,,,,,
58,9,2014,2,0.1,3,3,1,3,0,0,0,24,21,,,,,,,,,,
58,9,2014,2,0.01,3,0,0,2,0,0,0,24,21,,,,,,,,,,
58,9,2014,2,0.001,1,0,0,2,0,0,0,24,21,,,,,,,,,,
58,9,2014,2,0.0001,0,0,0,0,0,0,0,24,21,,,,,,,,,,
58,9,2014,2,0.00001,0,0,0,0,0,0,0,24,21,,,,,,,,,,
59,9,2014,4,1,3,3,3,3,0,0,0,22,34,,,,,,,,,,
59,9,2014,4,0.1,3,3,1,3,0,0,0,22,34,,,,,,,,,,
59,9,2014,4,0.01,3,0,0,2,0,0,0,22,34,,,,,,,,,,
59,9,2014,4,0.001,1,0,0,2,0,0,0,22,34,,,,,,,,,,
59,9,2014,4,0.0001,0,0,0,0,0,0,0,22,34,,,,,,,,,,
59,9,2014,4,0.00001,0,0,0,0,0,0,0,22,34,,,,,,,,,,
60,10,2014,1,1,3,3,3,3,1,1,1,20,12,,,,,,,,,,
60,10,2014,1,0.1,3,3,3,3,0,1,1,20,12,,,,,,,,,,
60,10,2014,1,0.01,3,3,3,3,0,1,1,20,12,,,,,,,,,,
60,10,2014,1,0.001,3,3,3,3,0,0,0,20,12,,,,,,,,,,
60,10,2014,1,0.0001,3,3,1,2,0,0,0,20,12,,,,,,,,,,
60,10,2014,1,0.00001,2,1,0,0,0,0,0,20,12,,,,,,,,,,
61,10,2014,2,1,3,3,2,3,0,1,1,18,24,,,,,,,,,,
61,10,2014,2,0.1,3,3,0,3,0,0,0,18,24,,,,,,,,,,
61,10,2014,2,0.01,3,2,1,3,0,0,0,18,24,,,,,,,,,,
61,10,2014,2,0.001,1,2,1,1,0,0,0,18,24,,,,,,,,,,
61,10,2014,2,0.0001,0,0,0,0,0,0,0,18,24,,,,,,,,,,
61,10,2014,2,0.00001,0,0,0,0,0,0,0,18,24,,,,,,,,,,
62,10,2014,4,1,3,0,0,2,0,0,0,19,32,,,,,,,,,,
62,10,2014,4,0.1,3,0,0,0,0,0,0,19,32,,,,,,,,,,
62,10,2014,4,0.01,0,0,0,0,0,0,0,19,32,,,,,,,,,,
62,10,2014,4,0.001,0,0,0,0,0,0,0,19,32,,,,,,,,,,
62,10,2014,4,0.0001,0,0,0,0,0,0,0,19,32,,,,,,,,,,
62,10,2014,4,0.00001,0,0,0,0,0,0,0,19,32,,,,,,,,,,
63,10,2014,1,1,3,3,2,3,0,1,1,17,14,,,,,,,,,,
63,10,2014,1,0.1,3,3,0,2,0,0,0,17,14,,,,,,,,,,
63,10,2014,1,0.01,1,0,0,0,0,0,0,17,14,,,,,,,,,,
63,10,2014,1,0.001,0,0,0,0,0,0,0,17,14,,,,,,,,,,
63,10,2014,1,0.0001,0,0,0,0,0,0,0,17,14,,,,,,,,,,
63,10,2014,1,0.00001,0,0,0,0,0,0,0,17,14,,,,,,,,,,
64,10,2014,2,1,3,3,2,3,0,0,0,16,21,,,,,,,,,,
64,10,2014,2,0.1,3,1,1,3,0,0,0,16,21,,,,,,,,,,
64,10,2014,2,0.01,3,0,0,1,0,0,0,16,21,,,,,,,,,,
64,10,2014,2,0.001,1,1,0,0,0,0,0,16,21,,,,,,,,,,
64,10,2014,2,0.0001,0,0,0,0,0,0,0,16,21,,,,,,,,,,
64,10,2014,2,0.00001,0,0,0,0,0,0,0,16,21,,,,,,,,,,
65,10,2014,4,1,3,0,0,2,0,0,0,17,31,,,,,,,,,,
65,10,2014,4,0.1,2,1,0,0,0,0,0,17,31,,,,,,,,,,
65,10,2014,4,0.01,0,0,0,0,0,0,0,17,31,,,,,,,,,,
65,10,2014,4,0.001,0,0,0,0,0,0,0,17,31,,,,,,,,,,
65,10,2014,4,0.0001,0,0,0,0,0,0,0,17,31,,,,,,,,,,
65,10,2014,4,0.00001,0,0,0,0,0,0,0,17,31,,,,,,,,,,
66,11,2014,1,1,3,0,0,0,0,0,0,11,16,,,,,,,,,,
66,11,2014,1,0.1,3,0,0,1,0,0,0,11,16,,,,,,,,,,
66,11,2014,1,0.01,0,0,0,0,0,0,0,11,16,,,,,,,,,,
66,11,2014,1,0.001,0,0,0,0,0,0,0,11,16,,,,,,,,,,
66,11,2014,1,0.0001,0,0,0,0,0,0,0,11,16,,,,,,,,,,
66,11,2014,1,0.00001,0,0,0,0,0,0,0,11,16,,,,,,,,,,
67,11,2014,2,1,3,0,0,3,0,0,0,12,23,,,,,,,,,,
67,11,2014,2,0.1,3,1,0,1,0,0,0,12,23,,,,,,,,,,
67,11,2014,2,0.01,0,0,0,0,0,0,0,12,23,,,,,,,,,,
67,11,2014,2,0.001,0,0,0,0,0,0,0,12,23,,,,,,,,,,
67,11,2014,2,0.0001,0,0,0,0,0,0,0,12,23,,,,,,,,,,
67,11,2014,2,0.00001,0,0,0,0,0,0,0,12,23,,,,,,,,,,
68,11,2014,4,1,3,0,0,1,0,0,0,11,35,,,,,,,,,,
68,11,2014,4,0.1,3,1,1,1,0,0,0,11,35,,,,,,,,,,
68,11,2014,4,0.01,0,0,0,0,0,0,0,11,35,,,,,,,,,,
68,11,2014,4,0.001,0,0,0,0,0,0,0,11,35,,,,,,,,,,
68,11,2014,4,0.0001,0,0,0,0,0,0,0,11,35,,,,,,,,,,
68,11,2014,4,0.00001,0,0,0,0,0,0,0,11,35,,,,,,,,,,
69,11,2014,1,1,3,0,0,1,0,0,0,9,16,,,,,,,,,,
69,11,2014,1,0.1,3,0,0,0,0,0,0,9,16,,,,,,,,,,
69,11,2014,1,0.01,0,0,0,0,0,0,0,9,16,,,,,,,,,,
69,11,2014,1,0.001,0,0,0,0,0,0,0,9,16,,,,,,,,,,
69,11,2014,1,0.0001,0,0,0,0,0,0,0,9,16,,,,,,,,,,
69,11,2014,1,0.00001,0,0,0,0,0,0,0,9,16,,,,,,,,,,
70,11,2014,2,1,3,0,0,3,0,0,0,11,24,,,,,,,,,,
70,11,2014,2,0.1,3,0,0,1,0,0,0,11,24,,,,,,,,,,
70,11,2014,2,0.01,0,0,0,0,0,0,0,11,24,,,,,,,,,,
70,11,2014,2,0.001,0,0,0,0,0,0,0,11,24,,,,,,,,,,
70,11,2014,2,0.0001,0,0,0,0,0,0,0,11,24,,,,,,,,,,
70,11,2014,2,0.00001,0,0,0,0,0,0,0,11,24,,,,,,,,,,
71,11,2014,4,1,3,0,0,1,0,0,0,11,35,,,,,,,,,,
71,11,2014,4,0.1,0,0,0,0,0,0,0,11,35,,,,,,,,,,
71,11,2014,4,0.01,0,0,0,0,0,0,0,11,35,,,,,,,,,,
71,11,2014,4,0.001,0,0,0,0,0,0,0,11,35,,,,,,,,,,
71,11,2014,4,0.0001,0,0,0,0,0,0,0,11,35,,,,,,,,,,
71,11,2014,4,0.00001,0,0,0,0,0,0,0,11,35,,,,,,,,,,