fid,month,year,site,water,mass,turb,vvha,pilf,tlh,tdh,trh,path,temp,sal,water.vvha,water.plif,water.tlh,water.path
1,7,2012,1,1,1.00E-01,3,3,3,3,0,1,1,28,15,67.35027885,2.553177786,NA,NA
1,7,2012,1,1,1.00E-02,3,3,3,3,0,0,0,28,15,67.04107448,12.95674534,NA,NA
1,7,2012,1,1,1.00E-03,3,3,3,3,0,0,0,28,15,18.84912963,12.94110081,NA,NA
1,7,2012,1,1,1.00E-04,3,3,2,2,0,0,0,28,15,36.34234071,3.615091504,NA,NA
1,7,2012,1,1,1.00E-05,3,1,0,1,0,0,0,28,15,19.00178021,10.18101023,NA,NA
1,7,2012,1,1,1.00E-06,0,0,0,0,0,0,0,28,15,3.664880178,1.270527995,NA,NA
1,7,2012,1,1,1.00E-07,0,0,0,0,0,0,0,28,15,13.01721002,6.802389469,NA,NA
2,7,2012,1,1,1.00E-01,3,3,3,3,0,0,0,28,15,1.907774397,1.289960156,NA,NA
2,7,2012,1,1,1.00E-02,3,3,3,3,0,0,0,28,15,0.539042565,0.310120015,NA,NA
2,7,2012,1,1,1.00E-03,3,3,3,3,0,0,0,28,15,0.308040869,0.315395163,NA,NA
2,7,2012,1,1,1.00E-04,3,3,0,1,0,0,0,28,15,0.300645615,0.302848348,NA,NA
2,7,2012,1,1,1.00E-05,2,0,0,1,0,0,0,28,15,0.31133008,0.309323978,NA,NA
2,7,2012,1,1,1.00E-06,1,0,1,0,0,0,0,28,15,0.310546719,0.308291685,NA,NA
2,7,2012,1,1,1.00E-07,0,0,0,0,0,0,0,28,15,0.31018941,0.307727239,NA,NA
3,7,2012,1,1,1.00E-01,3,3,3,3,0,0,0,28,15,25.57243951,1.903115772,NA,NA
3,7,2012,1,1,1.00E-02,3,3,3,3,0,0,0,28,15,10.05881141,1.293653228,NA,NA
3,7,2012,1,1,1.00E-03,3,3,3,3,0,0,0,28,15,0.311781564,0.322426893,NA,NA
3,7,2012,1,1,1.00E-04,3,3,1,1,0,0,0,28,15,66.50158995,36.02818479,NA,NA
3,7,2012,1,1,1.00E-05,3,2,0,0,0,0,0,28,15,24.16886867,18.50853184,NA,NA
3,7,2012,1,1,1.00E-06,1,1,0,0,0,0,0,28,15,0.539654578,0.310304877,NA,NA
3,7,2012,1,1,1.00E-07,1,1,0,0,0,0,0,28,15,675.5693542,18.91719147,NA,NA
4,7,2012,1,1,1.00E-01,3,3,3,3,0,0,0,28,15,57.05124468,12.96246694,NA,NA
4,7,2012,1,1,1.00E-02,3,3,3,3,0,0,0,28,15,0.974505139,0.986697303,NA,NA
4,7,2012,1,1,1.00E-03,3,3,3,3,0,1,1,28,15,362.8587824,25.7727309,NA,NA
4,7,2012,1,1,1.00E-04,3,3,0,0,0,0,0,28,15,36.54704575,36.9738788,NA,NA
4,7,2012,1,1,1.00E-05,1,0,0,0,0,0,0,28,15,0.307684448,0.308389443,NA,NA
4,7,2012,1,1,1.00E-06,1,0,0,0,0,0,0,28,15,189.8008671,3.659162022,NA,NA
4,7,2012,1,1,1.00E-07,0,0,0,0,0,0,0,28,15,258.3922755,142.2921528,NA,NA
5,7,2012,2,2,1.00E-01,3,3,3,3,1,2,2,29,24,0.618073573,0.309893955,NA,NA
5,7,2012,2,2,1.00E-02,3,3,3,3,0,0,0,29,24,101.5815777,12.86972555,NA,NA
5,7,2012,2,2,1.00E-03,3,3,3,3,0,0,0,29,24,18.96716134,1.279114455,NA,NA
5,7,2012,2,2,1.00E-04,3,1,1,3,0,0,0,29,24,1.389330579,0.310863203,NA,NA
5,7,2012,2,2,1.00E-05,3,0,0,3,0,0,0,29,24,102.3356927,102.2862011,NA,NA
5,7,2012,2,2,1.00E-06,0,0,0,0,0,0,0,29,24,127.9308862,67.35677139,NA,NA
5,7,2012,2,2,1.00E-07,0,0,0,0,0,0,0,29,24,0.620800326,0.310286219,NA,NA
6,7,2012,2,2,1.00E-01,3,3,3,3,0,1,1,29,24,191.4350177,58.41381337,NA,NA
6,7,2012,2,2,1.00E-02,3,3,3,3,0,1,1,29,24,190.4259013,5.740644808,NA,NA
6,7,2012,2,2,1.00E-03,3,3,2,3,0,0,0,29,24,0.533088568,0.305279085,NA,NA
6,7,2012,2,2,1.00E-04,3,2,2,3,0,0,0,29,24,13237.976,1016.310683,NA,NA
6,7,2012,2,2,1.00E-05,1,0,0,0,0,0,0,29,24,669.0212706,101.6063251,NA,NA
6,7,2012,2,2,1.00E-06,0,0,0,0,0,0,0,29,24,1.762882928,0.531584173,NA,NA
6,7,2012,2,2,1.00E-07,0,0,0,0,0,0,0,29,24,6875.466944,1009.758042,NA,NA
7,7,2012,2,2,1.00E-01,3,3,3,3,0,3,3,29,24,36.7114436,6.791486894,NA,NA
7,7,2012,2,2,1.00E-02,3,3,3,3,2,2,2,29,24,36.45295116,6.627426247,NA,NA
7,7,2012,2,2,1.00E-03,3,3,3,3,1,0,1,29,24,55805.96902,6798.189808,NA,NA
7,7,2012,2,2,1.00E-04,3,3,3,3,0,0,0,29,24,261.5574683,2.42343593,NA,NA
7,7,2012,2,2,1.00E-05,3,1,0,3,0,0,0,29,24,0.30122752,0.302529714,NA,NA
7,7,2012,2,2,1.00E-06,1,0,0,0,0,0,0,29,24,36.58928486,1.307506887,NA,NA
7,7,2012,2,2,1.00E-07,0,0,0,0,0,0,0,29,24,9.884848441,1.872360124,NA,NA
8,7,2012,2,2,1.00E-01,3,3,3,3,0,0,0,29,24,0.535442107,0.308872394,NA,NA
8,7,2012,2,2,1.00E-02,3,3,3,3,0,0,0,29,24,0.306671297,0.300837098,NA,NA
8,7,2012,2,2,1.00E-03,3,3,3,3,0,0,0,29,24,0.538096157,0.309540661,NA,NA
8,7,2012,2,2,1.00E-04,3,2,1,3,0,0,0,29,24,0.532851482,0.545365102,NA,NA
8,7,2012,2,2,1.00E-05,3,0,0,2,0,0,0,29,24,0.303981481,0.305070244,NA,NA
8,7,2012,2,2,1.00E-06,0,0,0,0,0,0,0,29,24,0.311057715,0.305661323,NA,NA
8,7,2012,2,2,1.00E-07,0,0,0,0,0,0,0,29,24,0.305666262,0.311963937,NA,NA
9,7,2012,3,3,1.00E-01,3,3,3,3,0,1,1,29,23,NA,NA,NA,NA
9,7,2012,3,3,1.00E-02,3,3,3,3,0,0,0,29,23,NA,NA,NA,NA
9,7,2012,3,3,1.00E-03,3,3,0,3,0,0,0,29,23,NA,NA,NA,NA
9,7,2012,3,3,1.00E-04,2,1,0,1,0,0,0,29,23,NA,NA,NA,NA
9,7,2012,3,3,1.00E-05,1,0,0,0,0,0,0,29,23,NA,NA,NA,NA
9,7,2012,3,3,1.00E-06,0,0,0,0,0,0,0,29,23,NA,NA,NA,NA
9,7,2012,3,3,1.00E-07,0,0,0,0,0,0,0,29,23,NA,NA,NA,NA
10,7,2012,3,3,1.00E-01,3,3,3,3,0,2,2,29,23,NA,NA,NA,NA
10,7,2012,3,3,1.00E-02,3,3,2,3,0,0,0,29,23,NA,NA,NA,NA
10,7,2012,3,3,1.00E-03,3,3,0,2,0,0,0,29,23,NA,NA,NA,NA
10,7,2012,3,3,1.00E-04,2,0,0,1,0,0,0,29,23,NA,NA,NA,NA
10,7,2012,3,3,1.00E-05,2,1,0,0,0,0,0,29,23,NA,NA,NA,NA
10,7,2012,3,3,1.00E-06,0,0,0,0,0,0,0,29,23,NA,NA,NA,NA
10,7,2012,3,3,1.00E-07,0,0,0,0,0,0,0,29,23,NA,NA,NA,NA
11,7,2012,3,3,1.00E-01,3,3,3,3,1,1,1,29,23,NA,NA,NA,NA
11,7,2012,3,3,1.00E-02,3,3,3,3,0,0,0,29,23,NA,NA,NA,NA
11,7,2012,3,3,1.00E-03,3,3,1,3,0,0,0,29,23,NA,NA,NA,NA
11,7,2012,3,3,1.00E-04,3,0,0,1,0,0,0,29,23,NA,NA,NA,NA
11,7,2012,3,3,1.00E-05,0,0,0,0,0,0,0,29,23,NA,NA,NA,NA
11,7,2012,3,3,1.00E-06,0,0,0,0,0,0,0,29,23,NA,NA,NA,NA
11,7,2012,3,3,1.00E-07,0,0,0,0,0,0,0,29,23,NA,NA,NA,NA
12,7,2012,3,3,1.00E-01,3,3,3,3,0,0,0,29,23,NA,NA,NA,NA
12,7,2012,3,3,1.00E-02,3,3,3,3,0,1,1,29,23,NA,NA,NA,NA
12,7,2012,3,3,1.00E-03,3,3,2,3,0,0,0,29,23,NA,NA,NA,NA
12,7,2012,3,3,1.00E-04,3,1,0,2,0,0,0,29,23,NA,NA,NA,NA
12,7,2012,3,3,1.00E-05,2,2,0,0,0,0,0,29,23,NA,NA,NA,NA
12,7,2012,3,3,1.00E-06,2,0,0,1,0,0,0,29,23,NA,NA,NA,NA
12,7,2012,3,3,1.00E-07,1,1,1,0,0,0,0,29,23,NA,NA,NA,NA
13,9,2012,1,4,1.00E-01,3,3,3,3,0,0,0,26,14,NA,NA,NA,NA
13,9,2012,1,4,1.00E-02,3,3,3,3,0,0,0,26,14,NA,NA,NA,NA
13,9,2012,1,4,1.00E-03,3,3,3,3,0,0,0,26,14,NA,NA,NA,NA
13,9,2012,1,4,1.00E-04,3,3,1,1,0,0,0,26,14,NA,NA,NA,NA
13,9,2012,1,4,1.00E-05,1,1,0,0,0,0,0,26,14,NA,NA,NA,NA
13,9,2012,1,4,1.00E-06,0,0,0,0,0,0,0,26,14,NA,NA,NA,NA
13,9,2012,1,4,1.00E-07,0,0,0,0,0,0,0,26,14,NA,NA,NA,NA
14,9,2012,1,4,1.00E-01,3,3,3,3,0,0,0,26,14,NA,NA,NA,NA
14,9,2012,1,4,1.00E-02,3,3,3,3,0,0,0,26,14,NA,NA,NA,NA
14,9,2012,1,4,1.00E-03,3,3,3,3,0,0,0,26,14,NA,NA,NA,NA
14,9,2012,1,4,1.00E-04,3,2,1,1,0,0,0,26,14,NA,NA,NA,NA
14,9,2012,1,4,1.00E-05,0,0,0,0,0,0,0,26,14,NA,NA,NA,NA
14,9,2012,1,4,1.00E-06,0,0,0,0,0,0,0,26,14,NA,NA,NA,NA
14,9,2012,1,4,1.00E-07,0,0,0,0,0,0,0,26,14,NA,NA,NA,NA
15,9,2012,1,4,1.00E-01,3,3,3,3,0,1,1,26,14,NA,NA,NA,NA
15,9,2012,1,4,1.00E-02,3,3,3,3,0,0,0,26,14,NA,NA,NA,NA
15,9,2012,1,4,1.00E-03,3,3,3,3,0,0,0,26,14,NA,NA,NA,NA
15,9,2012,1,4,1.00E-04,3,2,1,2,0,0,0,26,14,NA,NA,NA,NA
15,9,2012,1,4,1.00E-05,0,0,0,0,0,0,0,26,14,NA,NA,NA,NA
15,9,2012,1,4,1.00E-06,0,0,0,0,0,0,0,26,14,NA,NA,NA,NA
15,9,2012,1,4,1.00E-07,0,0,0,0,0,0,0,26,14,NA,NA,NA,NA
16,9,2012,1,4,1.00E-01,3,3,3,3,1,0,1,26,14,NA,NA,NA,NA
16,9,2012,1,4,1.00E-02,3,3,3,3,0,0,0,26,14,NA,NA,NA,NA
16,9,2012,1,4,1.00E-03,3,3,3,3,0,0,0,26,14,NA,NA,NA,NA
16,9,2012,1,4,1.00E-04,3,3,1,1,0,0,0,26,14,NA,NA,NA,NA
16,9,2012,1,4,1.00E-05,2,1,0,0,0,0,0,26,14,NA,NA,NA,NA
16,9,2012,1,4,1.00E-06,0,0,0,0,0,0,0,26,14,NA,NA,NA,NA
16,9,2012,1,4,1.00E-07,0,0,0,0,0,0,0,26,14,NA,NA,NA,NA
17,9,2012,2,5,1.00E-01,3,3,3,3,0,0,0,25,22,NA,NA,NA,NA
17,9,2012,2,5,1.00E-02,3,3,3,3,0,0,0,25,22,NA,NA,NA,NA
17,9,2012,2,5,1.00E-03,3,3,3,1,0,0,0,25,22,NA,NA,NA,NA
17,9,2012,2,5,1.00E-04,3,0,0,0,0,0,0,25,22,NA,NA,NA,NA
17,9,2012,2,5,1.00E-05,1,0,0,1,0,0,0,25,22,NA,NA,NA,NA
17,9,2012,2,5,1.00E-06,0,0,0,0,0,0,0,25,22,NA,NA,NA,NA
17,9,2012,2,5,1.00E-07,0,0,0,0,0,0,0,25,22,NA,NA,NA,NA
18,9,2012,2,5,1.00E-01,3,3,3,3,0,0,0,25,22,NA,NA,NA,NA
18,9,2012,2,5,1.00E-02,3,3,3,3,0,0,0,25,22,NA,NA,NA,NA
18,9,2012,2,5,1.00E-03,3,3,2,1,0,0,0,25,22,NA,NA,NA,NA
18,9,2012,2,5,1.00E-04,1,0,0,0,0,0,0,25,22,NA,NA,NA,NA
18,9,2012,2,5,1.00E-05,0,0,0,0,0,0,0,25,22,NA,NA,NA,NA
18,9,2012,2,5,1.00E-06,0,0,0,0,0,0,0,25,22,NA,NA,NA,NA
18,9,2012,2,5,1.00E-07,0,0,0,0,0,0,0,25,22,NA,NA,NA,NA
19,9,2012,2,5,1.00E-01,3,3,3,3,1,0,1,25,22,NA,NA,NA,NA
19,9,2012,2,5,1.00E-02,3,3,3,3,0,0,0,25,22,NA,NA,NA,NA
19,9,2012,2,5,1.00E-03,3,0,0,2,0,0,0,25,22,NA,NA,NA,NA
19,9,2012,2,5,1.00E-04,3,0,0,0,0,0,0,25,22,NA,NA,NA,NA
19,9,2012,2,5,1.00E-05,0,0,0,0,0,0,0,25,22,NA,NA,NA,NA
19,9,2012,2,5,1.00E-06,0,0,0,0,0,0,0,25,22,NA,NA,NA,NA
19,9,2012,2,5,1.00E-07,0,0,0,0,0,0,0,25,22,NA,NA,NA,NA
20,9,2012,2,5,1.00E-01,3,3,3,3,0,1,1,25,22,NA,NA,NA,NA
20,9,2012,2,5,1.00E-02,3,3,3,3,0,0,0,25,22,NA,NA,NA,NA
20,9,2012,2,5,1.00E-03,3,2,1,1,0,0,0,25,22,NA,NA,NA,NA
20,9,2012,2,5,1.00E-04,2,0,0,0,0,0,0,25,22,NA,NA,NA,NA
20,9,2012,2,5,1.00E-05,0,0,0,0,0,0,0,25,22,NA,NA,NA,NA
20,9,2012,2,5,1.00E-06,0,0,0,0,0,0,0,25,22,NA,NA,NA,NA
20,9,2012,2,5,1.00E-07,0,0,0,0,0,0,0,25,22,NA,NA,NA,NA
21,9,2012,3,6,1.00E-01,3,3,3,3,0,0,0,24,20,NA,NA,NA,NA
21,9,2012,3,6,1.00E-02,3,3,1,3,0,0,0,24,20,NA,NA,NA,NA
21,9,2012,3,6,1.00E-03,3,2,2,0,0,0,0,24,20,NA,NA,NA,NA
21,9,2012,3,6,1.00E-04,3,0,0,0,0,0,0,24,20,NA,NA,NA,NA
21,9,2012,3,6,1.00E-05,0,0,0,0,0,0,0,24,20,NA,NA,NA,NA
21,9,2012,3,6,1.00E-06,0,0,0,0,0,0,0,24,20,NA,NA,NA,NA
21,9,2012,3,6,1.00E-07,0,0,0,0,0,0,0,24,20,NA,NA,NA,NA
22,9,2012,3,6,1.00E-01,3,3,2,3,0,0,0,24,20,NA,NA,NA,NA
22,9,2012,3,6,1.00E-02,3,3,1,3,0,0,0,24,20,NA,NA,NA,NA
22,9,2012,3,6,1.00E-03,3,1,0,0,0,0,0,24,20,NA,NA,NA,NA
22,9,2012,3,6,1.00E-04,0,0,0,0,0,0,0,24,20,NA,NA,NA,NA
22,9,2012,3,6,1.00E-05,0,0,0,0,0,0,0,24,20,NA,NA,NA,NA
22,9,2012,3,6,1.00E-06,0,0,0,0,0,0,0,24,20,NA,NA,NA,NA
22,9,2012,3,6,1.00E-07,0,0,0,0,0,0,0,24,20,NA,NA,NA,NA
23,9,2012,3,6,1.00E-01,3,3,3,3,2,0,2,24,20,NA,NA,NA,NA
23,9,2012,3,6,1.00E-02,3,3,1,3,0,0,0,24,20,NA,NA,NA,NA
23,9,2012,3,6,1.00E-03,3,0,0,1,0,0,0,24,20,NA,NA,NA,NA
23,9,2012,3,6,1.00E-04,2,0,0,1,0,0,0,24,20,NA,NA,NA,NA
23,9,2012,3,6,1.00E-05,0,0,0,0,0,0,0,24,20,NA,NA,NA,NA
23,9,2012,3,6,1.00E-06,0,0,0,0,0,0,0,24,20,NA,NA,NA,NA
23,9,2012,3,6,1.00E-07,0,0,0,0,0,0,0,24,20,NA,NA,NA,NA
24,9,2012,3,6,1.00E-01,3,3,1,3,0,0,0,24,20,NA,NA,NA,NA
24,9,2012,3,6,1.00E-02,3,2,0,3,0,0,0,24,20,NA,NA,NA,NA
24,9,2012,3,6,1.00E-03,3,1,0,1,0,0,0,24,20,NA,NA,NA,NA
24,9,2012,3,6,1.00E-04,3,0,0,0,0,0,0,24,20,NA,NA,NA,NA
24,9,2012,3,6,1.00E-05,0,0,0,0,0,0,0,24,20,NA,NA,NA,NA
24,9,2012,3,6,1.00E-06,0,0,0,0,0,0,0,24,20,NA,NA,NA,NA
24,9,2012,3,6,1.00E-07,0,0,0,0,0,0,0,24,20,NA,NA,NA,NA
25,10,2012,1,7,1.00E-01,3,3,3,3,1,1,1,18,15,NA,NA,NA,NA
25,10,2012,1,7,1.00E-02,3,3,3,3,0,0,0,18,15,NA,NA,NA,NA
25,10,2012,1,7,1.00E-03,3,3,3,3,0,0,0,18,15,NA,NA,NA,NA
25,10,2012,1,7,1.00E-04,3,3,1,2,0,0,0,18,15,NA,NA,NA,NA
25,10,2012,1,7,1.00E-05,1,0,0,1,0,0,0,18,15,NA,NA,NA,NA
25,10,2012,1,7,1.00E-06,0,0,0,0,0,0,0,18,15,NA,NA,NA,NA
25,10,2012,1,7,1.00E-07,0,0,0,0,0,0,0,18,15,NA,NA,NA,NA
26,10,2012,1,7,1.00E-01,3,3,3,3,0,1,1,18,15,NA,NA,NA,NA
26,10,2012,1,7,1.00E-02,3,3,3,3,0,0,0,18,15,NA,NA,NA,NA
26,10,2012,1,7,1.00E-03,3,3,2,2,0,0,0,18,15,NA,NA,NA,NA
26,10,2012,1,7,1.00E-04,3,1,0,0,0,0,0,18,15,NA,NA,NA,NA
26,10,2012,1,7,1.00E-05,2,0,0,0,0,0,0,18,15,NA,NA,NA,NA
26,10,2012,1,7,1.00E-06,0,0,0,0,0,0,0,18,15,NA,NA,NA,NA
26,10,2012,1,7,1.00E-07,0,0,0,0,0,0,0,18,15,NA,NA,NA,NA
27,10,2012,3,8,1.00E-01,3,3,1,3,0,1,1,22,21,NA,NA,NA,NA
27,10,2012,3,8,1.00E-02,3,3,1,2,0,0,0,22,21,NA,NA,NA,NA
27,10,2012,3,8,1.00E-03,3,1,0,0,0,0,0,22,21,NA,NA,NA,NA
27,10,2012,3,8,1.00E-04,1,0,0,1,0,0,0,22,21,NA,NA,NA,NA
27,10,2012,3,8,1.00E-05,0,0,0,0,0,0,0,22,21,NA,NA,NA,NA
27,10,2012,3,8,1.00E-06,0,0,0,0,0,0,0,22,21,NA,NA,NA,NA
27,10,2012,3,8,1.00E-07,0,0,0,0,0,0,0,22,21,NA,NA,NA,NA
28,10,2012,3,8,1.00E-01,3,3,2,3,1,1,1,22,21,NA,NA,NA,NA
28,10,2012,3,8,1.00E-02,3,1,0,3,0,0,0,22,21,NA,NA,NA,NA
28,10,2012,3,8,1.00E-03,3,0,0,1,0,0,0,22,21,NA,NA,NA,NA
28,10,2012,3,8,1.00E-04,3,0,0,2,0,0,0,22,21,NA,NA,NA,NA
28,10,2012,3,8,1.00E-05,3,1,0,0,0,0,0,22,21,NA,NA,NA,NA
28,10,2012,3,8,1.00E-06,2,0,0,0,0,0,0,22,21,NA,NA,NA,NA
28,10,2012,3,8,1.00E-07,3,0,0,0,0,0,0,22,21,NA,NA,NA,NA
29,10,2012,3,8,1.00E-01,3,3,1,3,0,0,0,22,21,NA,NA,NA,NA
29,10,2012,3,8,1.00E-02,3,3,0,3,0,0,0,22,21,NA,NA,NA,NA
29,10,2012,3,8,1.00E-03,3,1,1,2,0,0,0,22,21,NA,NA,NA,NA
29,10,2012,3,8,1.00E-04,3,1,0,1,0,0,0,22,21,NA,NA,NA,NA
29,10,2012,3,8,1.00E-05,1,0,0,0,0,0,0,22,21,NA,NA,NA,NA
29,10,2012,3,8,1.00E-06,0,0,0,0,0,0,0,22,21,NA,NA,NA,NA
29,10,2012,3,8,1.00E-07,0,0,0,0,0,0,0,22,21,NA,NA,NA,NA
30,10,2012,3,8,1.00E-01,3,3,2,3,0,0,0,22,21,NA,NA,NA,NA
30,10,2012,3,8,1.00E-02,3,1,0,2,0,0,0,22,21,NA,NA,NA,NA
30,10,2012,3,8,1.00E-03,3,0,0,0,0,0,0,22,21,NA,NA,NA,NA
30,10,2012,3,8,1.00E-04,1,1,1,1,0,0,0,22,21,NA,NA,NA,NA
30,10,2012,3,8,1.00E-05,1,0,0,0,0,0,0,22,21,NA,NA,NA,NA
30,10,2012,3,8,1.00E-06,2,0,0,0,0,0,0,22,21,NA,NA,NA,NA
30,10,2012,3,8,1.00E-07,1,1,1,0,0,0,0,22,21,NA,NA,NA,NA
31,4,2014,1,9,1.00E-01,3,1,0,0,0,0,0,14,11,NA,NA,NA,NA
31,4,2014,1,9,1.00E-02,3,2,0,0,0,0,0,14,11,NA,NA,NA,NA
31,4,2014,1,9,1.00E-03,1,0,0,0,0,0,0,14,11,NA,NA,NA,NA
31,4,2014,1,9,1.00E-04,0,0,0,0,0,0,0,14,11,NA,NA,NA,NA
31,4,2014,1,9,1.00E-05,0,0,0,0,0,0,0,14,11,NA,NA,NA,NA
31,4,2014,1,9,1.00E-06,0,0,0,0,0,0,0,14,11,NA,NA,NA,NA
32,4,2014,1,9,1.00E-01,3,0,0,0,0,0,0,14,11,NA,NA,NA,NA
32,4,2014,1,9,1.00E-02,3,0,0,0,0,0,0,14,11,NA,NA,NA,NA
32,4,2014,1,9,1.00E-03,0,0,0,0,0,0,0,14,11,NA,NA,NA,NA
32,4,2014,1,9,1.00E-04,0,0,0,0,0,0,0,14,11,NA,NA,NA,NA
32,4,2014,1,9,1.00E-05,0,0,0,0,0,0,0,14,11,NA,NA,NA,NA
32,4,2014,1,9,1.00E-06,0,0,0,0,0,0,0,14,11,NA,NA,NA,NA
33,4,2014,1,9,1.00E-01,3,0,0,0,0,0,0,14,11,NA,NA,NA,NA
33,4,2014,1,9,1.00E-02,3,0,0,0,0,0,0,14,11,NA,NA,NA,NA
33,4,2014,1,9,1.00E-03,1,0,0,0,0,0,0,14,11,NA,NA,NA,NA
33,4,2014,1,9,1.00E-04,0,0,0,0,0,0,0,14,11,NA,NA,NA,NA
33,4,2014,1,9,1.00E-05,0,0,0,0,0,0,0,14,11,NA,NA,NA,NA
33,4,2014,1,9,1.00E-06,0,0,0,0,0,0,0,14,11,NA,NA,NA,NA
34,4,2014,1,9,1.00E-01,3,0,0,0,0,0,0,14,11,NA,NA,NA,NA
34,4,2014,1,9,1.00E-02,3,0,0,0,0,0,0,14,11,NA,NA,NA,NA
34,4,2014,1,9,1.00E-03,0,0,0,0,0,0,0,14,11,NA,NA,NA,NA
34,4,2014,1,9,1.00E-04,0,0,0,0,0,0,0,14,11,NA,NA,NA,NA
34,4,2014,1,9,1.00E-05,0,0,0,0,0,0,0,14,11,NA,NA,NA,NA
34,4,2014,1,9,1.00E-06,0,0,0,0,0,0,0,14,11,NA,NA,NA,NA
35,4,2014,2,10,1.00E-01,3,0,0,1,1,0,1,15,19,NA,NA,NA,NA
35,4,2014,2,10,1.00E-02,3,0,0,0,0,0,0,15,19,NA,NA,NA,NA
35,4,2014,2,10,1.00E-03,0,0,0,0,0,0,0,15,19,NA,NA,NA,NA
35,4,2014,2,10,1.00E-04,0,0,0,0,0,0,0,15,19,NA,NA,NA,NA
35,4,2014,2,10,1.00E-05,0,0,0,0,0,0,0,15,19,NA,NA,NA,NA
35,4,2014,2,10,1.00E-06,0,0,0,0,0,0,0,15,19,NA,NA,NA,NA
36,4,2014,2,10,1.00E-01,3,0,0,2,0,0,0,15,19,NA,NA,NA,NA
36,4,2014,2,10,1.00E-02,3,0,0,0,0,0,0,15,19,NA,NA,NA,NA
36,4,2014,2,10,1.00E-03,1,0,0,0,0,0,0,15,19,NA,NA,NA,NA
36,4,2014,2,10,1.00E-04,0,0,0,0,0,0,0,15,19,NA,NA,NA,NA
36,4,2014,2,10,1.00E-05,0,0,0,0,0,0,0,15,19,NA,NA,NA,NA
36,4,2014,2,10,1.00E-06,0,0,0,0,0,0,0,15,19,NA,NA,NA,NA
37,4,2014,2,10,1.00E-01,3,0,0,2,0,0,0,15,19,NA,NA,NA,NA
37,4,2014,2,10,1.00E-02,3,0,0,0,0,0,0,15,19,NA,NA,NA,NA
37,4,2014,2,10,1.00E-03,3,0,0,0,0,0,0,15,19,NA,NA,NA,NA
37,4,2014,2,10,1.00E-04,0,0,0,0,0,0,0,15,19,NA,NA,NA,NA
37,4,2014,2,10,1.00E-05,0,0,0,0,0,0,0,15,19,NA,NA,NA,NA
37,4,2014,2,10,1.00E-06,0,0,0,0,0,0,0,15,19,NA,NA,NA,NA
38,4,2014,2,10,1.00E-01,3,0,0,3,2,0,2,15,19,NA,NA,NA,NA
38,4,2014,2,10,1.00E-02,3,0,0,0,0,0,0,15,19,NA,NA,NA,NA
38,4,2014,2,10,1.00E-03,2,1,0,0,0,0,0,15,19,NA,NA,NA,NA
38,4,2014,2,10,1.00E-04,0,0,0,0,0,0,0,15,19,NA,NA,NA,NA
38,4,2014,2,10,1.00E-05,0,0,0,0,0,0,0,15,19,NA,NA,NA,NA
38,4,2014,2,10,1.00E-06,0,0,0,0,0,0,0,15,19,NA,NA,NA,NA
39,4,2014,4,11,1.00E-01,3,0,0,1,0,0,0,14,34,NA,NA,NA,NA
39,4,2014,4,11,1.00E-02,2,0,0,0,0,0,0,14,34,NA,NA,NA,NA
39,4,2014,4,11,1.00E-03,0,0,0,0,0,0,0,14,34,NA,NA,NA,NA
39,4,2014,4,11,1.00E-04,0,0,0,0,0,0,0,14,34,NA,NA,NA,NA
39,4,2014,4,11,1.00E-05,0,0,0,0,0,0,0,14,34,NA,NA,NA,NA
39,4,2014,4,11,1.00E-06,0,0,0,0,0,0,0,14,34,NA,NA,NA,NA
40,4,2014,4,11,1.00E-01,3,0,0,0,0,0,0,14,34,NA,NA,NA,NA
40,4,2014,4,11,1.00E-02,1,0,0,0,0,0,0,14,34,NA,NA,NA,NA
40,4,2014,4,11,1.00E-03,0,0,0,0,0,0,0,14,34,NA,NA,NA,NA
40,4,2014,4,11,1.00E-04,0,0,0,0,0,0,0,14,34,NA,NA,NA,NA
40,4,2014,4,11,1.00E-05,0,0,0,0,0,0,0,14,34,NA,NA,NA,NA
40,4,2014,4,11,1.00E-06,0,0,0,0,0,0,0,14,34,NA,NA,NA,NA
41,4,2014,4,11,1.00E-01,3,0,0,0,0,0,0,14,34,NA,NA,NA,NA
41,4,2014,4,11,1.00E-02,1,0,0,0,0,0,0,14,34,NA,NA,NA,NA
41,4,2014,4,11,1.00E-03,0,0,0,0,0,0,0,14,34,NA,NA,NA,NA
41,4,2014,4,11,1.00E-04,0,0,0,0,0,0,0,14,34,NA,NA,NA,NA
41,4,2014,4,11,1.00E-05,0,0,0,0,0,0,0,14,34,NA,NA,NA,NA
41,4,2014,4,11,1.00E-06,0,0,0,0,0,0,0,14,34,NA,NA,NA,NA
42,4,2014,4,11,1.00E-01,3,0,0,0,0,0,0,14,34,NA,NA,NA,NA
42,4,2014,4,11,1.00E-02,2,0,0,0,0,0,0,14,34,NA,NA,NA,NA
42,4,2014,4,11,1.00E-03,0,0,0,0,0,0,0,14,34,NA,NA,NA,NA
42,4,2014,4,11,1.00E-04,0,0,0,0,0,0,0,14,34,NA,NA,NA,NA
42,4,2014,4,11,1.00E-05,0,0,0,0,0,0,0,14,34,NA,NA,NA,NA
42,4,2014,4,11,1.00E-06,0,0,0,0,0,0,0,14,34,NA,NA,NA,NA
43,5,2014,1,12,1.00E-01,3,0,0,0,0,0,0,18,8,NA,NA,NA,NA
43,5,2014,1,12,1.00E-02,3,0,0,0,0,0,0,18,8,NA,NA,NA,NA
43,5,2014,1,12,1.00E-03,3,0,0,0,0,0,0,18,8,NA,NA,NA,NA
43,5,2014,1,12,1.00E-04,2,0,0,0,0,0,0,18,8,NA,NA,NA,NA
43,5,2014,1,12,1.00E-05,0,0,0,0,0,0,0,18,8,NA,NA,NA,NA
43,5,2014,1,12,1.00E-06,0,0,0,0,0,0,0,18,8,NA,NA,NA,NA
44,5,2014,1,12,1.00E-01,3,0,0,0,0,0,0,18,8,NA,NA,NA,NA
44,5,2014,1,12,1.00E-02,3,0,0,0,0,0,0,18,8,NA,NA,NA,NA
44,5,2014,1,12,1.00E-03,3,1,0,1,0,0,0,18,8,NA,NA,NA,NA
44,5,2014,1,12,1.00E-04,1,0,0,1,0,0,0,18,8,NA,NA,NA,NA
44,5,2014,1,12,1.00E-05,0,0,0,0,0,0,0,18,8,NA,NA,NA,NA
44,5,2014,1,12,1.00E-06,0,0,0,0,0,0,0,18,8,NA,NA,NA,NA
45,5,2014,1,12,1.00E-01,3,2,0,0,0,0,0,18,8,NA,NA,NA,NA
45,5,2014,1,12,1.00E-02,3,0,0,0,0,0,0,18,8,NA,NA,NA,NA
45,5,2014,1,12,1.00E-03,3,0,0,0,0,0,0,18,8,NA,NA,NA,NA
45,5,2014,1,12,1.00E-04,3,0,0,0,0,0,0,18,8,NA,NA,NA,NA
45,5,2014,1,12,1.00E-05,0,0,0,0,0,0,0,18,8,NA,NA,NA,NA
45,5,2014,1,12,1.00E-06,0,0,0,0,0,0,0,18,8,NA,NA,NA,NA
46,5,2014,1,12,1.00E-01,3,0,0,0,0,0,0,18,8,NA,NA,NA,NA
46,5,2014,1,12,1.00E-02,3,0,0,0,0,0,0,18,8,NA,NA,NA,NA
46,5,2014,1,12,1.00E-03,3,0,0,0,0,0,0,18,8,NA,NA,NA,NA
46,5,2014,1,12,1.00E-04,0,0,0,0,0,0,0,18,8,NA,NA,NA,NA
46,5,2014,1,12,1.00E-05,0,0,0,0,0,0,0,18,8,NA,NA,NA,NA
46,5,2014,1,12,1.00E-06,0,0,0,0,0,0,0,18,8,NA,NA,NA,NA
47,5,2014,2,13,1.00E-01,3,0,0,1,1,0,1,16,13,NA,NA,NA,NA
47,5,2014,2,13,1.00E-02,3,0,0,0,0,0,0,16,13,NA,NA,NA,NA
47,5,2014,2,13,1.00E-03,3,0,0,1,0,0,0,16,13,NA,NA,NA,NA
47,5,2014,2,13,1.00E-04,1,0,0,0,0,0,0,16,13,NA,NA,NA,NA
47,5,2014,2,13,1.00E-05,0,0,0,0,0,0,0,16,13,NA,NA,NA,NA
47,5,2014,2,13,1.00E-06,0,0,0,0,0,0,0,16,13,NA,NA,NA,NA
48,5,2014,2,13,1.00E-01,3,0,0,1,0,0,0,16,13,NA,NA,NA,NA
48,5,2014,2,13,1.00E-02,3,0,0,0,0,0,0,16,13,NA,NA,NA,NA
48,5,2014,2,13,1.00E-03,2,0,0,0,0,0,0,16,13,NA,NA,NA,NA
48,5,2014,2,13,1.00E-04,1,0,0,0,0,0,0,16,13,NA,NA,NA,NA
48,5,2014,2,13,1.00E-05,0,0,0,0,0,0,0,16,13,NA,NA,NA,NA
48,5,2014,2,13,1.00E-06,0,0,0,0,0,0,0,16,13,NA,NA,NA,NA
49,5,2014,2,13,1.00E-01,3,0,0,0,0,0,0,16,13,NA,NA,NA,NA
49,5,2014,2,13,1.00E-02,3,0,0,0,0,0,0,16,13,NA,NA,NA,NA
49,5,2014,2,13,1.00E-03,3,0,0,0,0,0,0,16,13,NA,NA,NA,NA
49,5,2014,2,13,1.00E-04,0,0,0,0,0,0,0,16,13,NA,NA,NA,NA
49,5,2014,2,13,1.00E-05,0,0,0,0,0,0,0,16,13,NA,NA,NA,NA
49,5,2014,2,13,1.00E-06,0,0,0,0,0,0,0,16,13,NA,NA,NA,NA
50,5,2014,2,13,1.00E-01,3,0,0,0,0,0,0,16,13,NA,NA,NA,NA
50,5,2014,2,13,1.00E-02,3,0,0,0,0,0,0,16,13,NA,NA,NA,NA
50,5,2014,2,13,1.00E-03,3,0,0,1,0,0,0,16,13,NA,NA,NA,NA
50,5,2014,2,13,1.00E-04,0,0,0,0,0,0,0,16,13,NA,NA,NA,NA
50,5,2014,2,13,1.00E-05,0,0,0,0,0,0,0,16,13,NA,NA,NA,NA
50,5,2014,2,13,1.00E-06,0,0,0,0,0,0,0,16,13,NA,NA,NA,NA
51,5,2014,4,14,1.00E-01,3,0,0,1,0,0,0,16,34,NA,NA,NA,NA
51,5,2014,4,14,1.00E-02,3,0,0,0,0,0,0,16,34,NA,NA,NA,NA
51,5,2014,4,14,1.00E-03,0,0,0,0,0,0,0,16,34,NA,NA,NA,NA
51,5,2014,4,14,1.00E-04,0,0,0,0,0,0,0,16,34,NA,NA,NA,NA
51,5,2014,4,14,1.00E-05,0,0,0,0,0,0,0,16,34,NA,NA,NA,NA
51,5,2014,4,14,1.00E-06,0,0,0,0,0,0,0,16,34,NA,NA,NA,NA
52,5,2014,4,14,1.00E-01,3,0,0,0,0,0,0,16,34,NA,NA,NA,NA
52,5,2014,4,14,1.00E-02,1,0,0,0,0,0,0,16,34,NA,NA,NA,NA
52,5,2014,4,14,1.00E-03,0,0,0,0,0,0,0,16,34,NA,NA,NA,NA
52,5,2014,4,14,1.00E-04,0,0,0,0,0,0,0,16,34,NA,NA,NA,NA
52,5,2014,4,14,1.00E-05,0,0,0,0,0,0,0,16,34,NA,NA,NA,NA
52,5,2014,4,14,1.00E-06,0,0,0,0,0,0,0,16,34,NA,NA,NA,NA
53,5,2014,4,14,1.00E-01,3,0,0,0,0,0,0,16,34,NA,NA,NA,NA
53,5,2014,4,14,1.00E-02,3,0,0,0,0,0,0,16,34,NA,NA,NA,NA
53,5,2014,4,14,1.00E-03,0,0,0,0,0,0,0,16,34,NA,NA,NA,NA
53,5,2014,4,14,1.00E-04,0,0,0,0,0,0,0,16,34,NA,NA,NA,NA
53,5,2014,4,14,1.00E-05,0,0,0,0,0,0,0,16,34,NA,NA,NA,NA
53,5,2014,4,14,1.00E-06,0,0,0,0,0,0,0,16,34,NA,NA,NA,NA
54,5,2014,4,14,1.00E-01,3,0,0,0,0,0,0,16,34,NA,NA,NA,NA
54,5,2014,4,14,1.00E-02,1,0,0,0,0,0,0,16,34,NA,NA,NA,NA
54,5,2014,4,14,1.00E-03,0,0,0,0,0,0,0,16,34,NA,NA,NA,NA
54,5,2014,4,14,1.00E-04,0,0,0,0,0,0,0,16,34,NA,NA,NA,NA
54,5,2014,4,14,1.00E-05,0,0,0,0,0,0,0,16,34,NA,NA,NA,NA
54,5,2014,4,14,1.00E-06,0,0,0,0,0,0,0,16,34,NA,NA,NA,NA
55,5,2014,1,15,1.00E-01,3,3,3,0,0,0,0,21,7,NA,NA,NA,NA
55,5,2014,1,15,1.00E-02,3,3,2,0,0,0,0,21,7,NA,NA,NA,NA
55,5,2014,1,15,1.00E-03,3,1,0,0,0,0,0,21,7,NA,NA,NA,NA
55,5,2014,1,15,1.00E-04,3,0,0,0,0,0,0,21,7,NA,NA,NA,NA
55,5,2014,1,15,1.00E-05,0,0,0,0,0,0,0,21,7,NA,NA,NA,NA
55,5,2014,1,15,1.00E-06,0,0,0,0,0,0,0,21,7,NA,NA,NA,NA
56,5,2014,1,15,1.00E-01,3,3,3,2,0,0,0,21,7,NA,NA,NA,NA
56,5,2014,1,15,1.00E-02,3,3,3,2,0,0,0,21,7,NA,NA,NA,NA
56,5,2014,1,15,1.00E-03,3,3,2,0,0,0,0,21,7,NA,NA,NA,NA
56,5,2014,1,15,1.00E-04,3,2,0,0,0,0,0,21,7,NA,NA,NA,NA
56,5,2014,1,15,1.00E-05,0,0,0,0,0,0,0,21,7,NA,NA,NA,NA
56,5,2014,1,15,1.00E-06,0,0,0,0,0,0,0,21,7,NA,NA,NA,NA
57,5,2014,1,15,1.00E-01,3,3,3,0,0,0,0,21,7,NA,NA,NA,NA
57,5,2014,1,15,1.00E-02,3,3,1,0,0,0,0,21,7,NA,NA,NA,NA
57,5,2014,1,15,1.00E-03,3,2,0,0,0,0,0,21,7,NA,NA,NA,NA
57,5,2014,1,15,1.00E-04,3,0,0,0,0,0,0,21,7,NA,NA,NA,NA
57,5,2014,1,15,1.00E-05,1,1,0,0,0,0,0,21,7,NA,NA,NA,NA
57,5,2014,1,15,1.00E-06,0,0,0,0,0,0,0,21,7,NA,NA,NA,NA
58,5,2014,1,15,1.00E-01,3,3,3,1,0,0,0,21,7,NA,NA,NA,NA
58,5,2014,1,15,1.00E-02,3,3,3,0,0,0,0,21,7,NA,NA,NA,NA
58,5,2014,1,15,1.00E-03,3,2,0,0,0,0,0,21,7,NA,NA,NA,NA
58,5,2014,1,15,1.00E-04,3,1,0,0,0,0,0,21,7,NA,NA,NA,NA
58,5,2014,1,15,1.00E-05,0,0,0,0,0,0,0,21,7,NA,NA,NA,NA
58,5,2014,1,15,1.00E-06,0,0,0,0,0,0,0,21,7,NA,NA,NA,NA
59,5,2014,2,16,1.00E-01,3,3,3,3,3,2,3,21,17,NA,NA,NA,NA
59,5,2014,2,16,1.00E-02,3,3,2,3,0,0,0,21,17,NA,NA,NA,NA
59,5,2014,2,16,1.00E-03,3,2,0,1,0,0,0,21,17,NA,NA,NA,NA
59,5,2014,2,16,1.00E-04,1,1,0,2,0,0,0,21,17,NA,NA,NA,NA
59,5,2014,2,16,1.00E-05,0,0,0,0,0,0,0,21,17,NA,NA,NA,NA
59,5,2014,2,16,1.00E-06,0,0,0,0,0,0,0,21,17,NA,NA,NA,NA
60,5,2014,2,16,1.00E-01,3,3,3,3,3,3,3,21,17,NA,NA,NA,NA
60,5,2014,2,16,1.00E-02,3,3,0,3,1,0,1,21,17,NA,NA,NA,NA
60,5,2014,2,16,1.00E-03,3,2,0,2,0,0,0,21,17,NA,NA,NA,NA
60,5,2014,2,16,1.00E-04,2,0,0,1,0,0,0,21,17,NA,NA,NA,NA
60,5,2014,2,16,1.00E-05,0,0,0,0,0,0,0,21,17,NA,NA,NA,NA
60,5,2014,2,16,1.00E-06,0,0,0,0,0,0,0,21,17,NA,NA,NA,NA
61,5,2014,2,16,1.00E-01,3,3,3,3,3,3,3,21,17,NA,NA,NA,NA
61,5,2014,2,16,1.00E-02,3,3,3,3,2,2,2,21,17,NA,NA,NA,NA
61,5,2014,2,16,1.00E-03,3,3,1,3,0,0,0,21,17,NA,NA,NA,NA
61,5,2014,2,16,1.00E-04,3,1,0,0,0,0,0,21,17,NA,NA,NA,NA
61,5,2014,2,16,1.00E-05,1,0,0,0,0,0,0,21,17,NA,NA,NA,NA
61,5,2014,2,16,1.00E-06,0,0,0,0,0,0,0,21,17,NA,NA,NA,NA
62,5,2014,2,16,1.00E-01,3,3,3,3,2,3,3,21,17,NA,NA,NA,NA
62,5,2014,2,16,1.00E-02,3,3,1,3,0,1,1,21,17,NA,NA,NA,NA
62,5,2014,2,16,1.00E-03,3,2,0,2,0,0,0,21,17,NA,NA,NA,NA
62,5,2014,2,16,1.00E-04,0,0,0,0,0,0,0,21,17,NA,NA,NA,NA
62,5,2014,2,16,1.00E-05,0,0,0,0,0,0,0,21,17,NA,NA,NA,NA
62,5,2014,2,16,1.00E-06,0,0,0,0,0,0,0,21,17,NA,NA,NA,NA
63,5,2014,4,17,1.00E-01,3,0,0,2,1,0,1,19,32,NA,NA,NA,NA
63,5,2014,4,17,1.00E-02,3,0,0,1,0,0,0,19,32,NA,NA,NA,NA
63,5,2014,4,17,1.00E-03,1,0,0,1,0,0,0,19,32,NA,NA,NA,NA
63,5,2014,4,17,1.00E-04,0,0,0,0,0,0,0,19,32,NA,NA,NA,NA
63,5,2014,4,17,1.00E-05,0,0,0,0,0,0,0,19,32,NA,NA,NA,NA
63,5,2014,4,17,1.00E-06,0,0,0,0,0,0,0,19,32,NA,NA,NA,NA
64,5,2014,4,17,1.00E-01,3,0,0,3,0,0,0,19,32,NA,NA,NA,NA
64,5,2014,4,17,1.00E-02,3,0,0,0,0,0,0,19,32,NA,NA,NA,NA
64,5,2014,4,17,1.00E-03,2,0,0,0,0,0,0,19,32,NA,NA,NA,NA
64,5,2014,4,17,1.00E-04,0,0,0,0,0,0,0,19,32,NA,NA,NA,NA
64,5,2014,4,17,1.00E-05,0,0,0,0,0,0,0,19,32,NA,NA,NA,NA
64,5,2014,4,17,1.00E-06,0,0,0,0,0,0,0,19,32,NA,NA,NA,NA
65,5,2014,4,17,1.00E-01,3,1,0,3,0,0,0,19,32,NA,NA,NA,NA
65,5,2014,4,17,1.00E-02,3,0,0,3,0,0,0,19,32,NA,NA,NA,NA
65,5,2014,4,17,1.00E-03,3,0,0,0,0,0,0,19,32,NA,NA,NA,NA
65,5,2014,4,17,1.00E-04,0,0,0,0,0,0,0,19,32,NA,NA,NA,NA
65,5,2014,4,17,1.00E-05,0,0,0,0,0,0,0,19,32,NA,NA,NA,NA
65,5,2014,4,17,1.00E-06,0,0,0,0,0,0,0,19,32,NA,NA,NA,NA
66,5,2014,4,17,1.00E-01,3,0,0,3,1,0,1,19,32,NA,NA,NA,NA
66,5,2014,4,17,1.00E-02,3,0,0,3,1,0,1,19,32,NA,NA,NA,NA
66,5,2014,4,17,1.00E-03,3,0,0,0,0,0,0,19,32,NA,NA,NA,NA
66,5,2014,4,17,1.00E-04,0,0,0,0,0,0,0,19,32,NA,NA,NA,NA
66,5,2014,4,17,1.00E-05,0,0,0,0,0,0,0,19,32,NA,NA,NA,NA
66,5,2014,4,17,1.00E-06,0,0,0,0,0,0,0,19,32,NA,NA,NA,NA
67,6,2014,1,18,1.00E-01,3,3,3,1,0,0,0,22,7,NA,NA,NA,NA
67,6,2014,1,18,1.00E-02,3,3,3,1,0,0,0,22,7,NA,NA,NA,NA
67,6,2014,1,18,1.00E-03,3,3,3,0,0,0,0,22,7,NA,NA,NA,NA
67,6,2014,1,18,1.00E-04,3,3,3,0,0,0,0,22,7,NA,NA,NA,NA
67,6,2014,1,18,1.00E-05,3,2,0,0,0,0,0,22,7,NA,NA,NA,NA
67,6,2014,1,18,1.00E-06,1,0,0,0,0,0,0,22,7,NA,NA,NA,NA
68,6,2014,1,18,1.00E-01,3,3,3,2,0,0,0,22,7,NA,NA,NA,NA
68,6,2014,1,18,1.00E-02,3,3,3,2,0,0,0,22,7,NA,NA,NA,NA
68,6,2014,1,18,1.00E-03,3,3,3,1,0,0,0,22,7,NA,NA,NA,NA
68,6,2014,1,18,1.00E-04,3,3,3,0,0,0,0,22,7,NA,NA,NA,NA
68,6,2014,1,18,1.00E-05,3,2,0,0,0,0,0,22,7,NA,NA,NA,NA
68,6,2014,1,18,1.00E-06,1,3,0,0,0,0,0,22,7,NA,NA,NA,NA
69,6,2014,1,18,1.00E-01,3,3,3,1,0,0,0,22,7,NA,NA,NA,NA
69,6,2014,1,18,1.00E-02,3,3,3,0,0,0,0,22,7,NA,NA,NA,NA
69,6,2014,1,18,1.00E-03,3,3,3,0,0,0,0,22,7,NA,NA,NA,NA
69,6,2014,1,18,1.00E-04,3,3,3,0,0,0,0,22,7,NA,NA,NA,NA
69,6,2014,1,18,1.00E-05,3,2,1,0,0,0,0,22,7,NA,NA,NA,NA
69,6,2014,1,18,1.00E-06,1,1,0,0,0,0,0,22,7,NA,NA,NA,NA
70,6,2014,1,18,1.00E-01,3,3,3,1,0,0,0,22,7,NA,NA,NA,NA
70,6,2014,1,18,1.00E-02,3,3,3,0,0,0,0,22,7,NA,NA,NA,NA
70,6,2014,1,18,1.00E-03,3,3,3,0,0,0,0,22,7,NA,NA,NA,NA
70,6,2014,1,18,1.00E-04,3,3,2,1,0,0,0,22,7,NA,NA,NA,NA
70,6,2014,1,18,1.00E-05,2,1,0,0,0,0,0,22,7,NA,NA,NA,NA
70,6,2014,1,18,1.00E-06,0,0,0,0,0,0,0,22,7,NA,NA,NA,NA
71,6,2014,2,19,1.00E-01,3,3,3,3,3,3,3,26,16,NA,NA,NA,NA
71,6,2014,2,19,1.00E-02,3,3,3,3,2,3,3,26,16,NA,NA,NA,NA
71,6,2014,2,19,1.00E-03,3,3,3,3,0,0,0,26,16,NA,NA,NA,NA
71,6,2014,2,19,1.00E-04,3,3,1,1,0,0,0,26,16,NA,NA,NA,NA
71,6,2014,2,19,1.00E-05,3,0,0,0,0,0,0,26,16,NA,NA,NA,NA
71,6,2014,2,19,1.00E-06,2,1,0,0,0,0,0,26,16,NA,NA,NA,NA
72,6,2014,2,19,1.00E-01,3,3,3,3,3,3,3,26,16,NA,NA,NA,NA
72,6,2014,2,19,1.00E-02,3,3,3,3,2,2,2,26,16,NA,NA,NA,NA
72,6,2014,2,19,1.00E-03,3,3,2,3,0,0,0,26,16,NA,NA,NA,NA
72,6,2014,2,19,1.00E-04,3,0,0,0,0,0,0,26,16,NA,NA,NA,NA
72,6,2014,2,19,1.00E-05,3,0,0,0,0,0,0,26,16,NA,NA,NA,NA
72,6,2014,2,19,1.00E-06,2,0,0,0,0,0,0,26,16,NA,NA,NA,NA
73,6,2014,2,19,1.00E-01,3,3,3,3,3,3,3,26,16,NA,NA,NA,NA
73,6,2014,2,19,1.00E-02,3,3,3,3,2,3,3,26,16,NA,NA,NA,NA
73,6,2014,2,19,1.00E-03,3,3,3,3,1,1,1,26,16,NA,NA,NA,NA
73,6,2014,2,19,1.00E-04,3,2,0,1,0,0,0,26,16,NA,NA,NA,NA
73,6,2014,2,19,1.00E-05,2,1,1,0,0,0,0,26,16,NA,NA,NA,NA
73,6,2014,2,19,1.00E-06,1,1,0,2,0,0,0,26,16,NA,NA,NA,NA
74,6,2014,2,19,1.00E-01,3,3,3,3,3,3,3,26,16,NA,NA,NA,NA
74,6,2014,2,19,1.00E-02,3,3,3,3,1,2,2,26,16,NA,NA,NA,NA
74,6,2014,2,19,1.00E-03,3,3,2,3,0,1,1,26,16,NA,NA,NA,NA
74,6,2014,2,19,1.00E-04,3,2,0,1,0,0,0,26,16,NA,NA,NA,NA
74,6,2014,2,19,1.00E-05,3,0,0,1,0,0,0,26,16,NA,NA,NA,NA
74,6,2014,2,19,1.00E-06,0,0,0,0,0,0,0,26,16,NA,NA,NA,NA
75,6,2014,4,20,1.00E-01,3,2,0,3,0,0,0,24,30,NA,NA,NA,NA
75,6,2014,4,20,1.00E-02,3,0,0,3,0,0,0,24,30,NA,NA,NA,NA
75,6,2014,4,20,1.00E-03,3,1,0,2,0,0,0,24,30,NA,NA,NA,NA
75,6,2014,4,20,1.00E-04,0,0,0,0,0,0,0,24,30,NA,NA,NA,NA
75,6,2014,4,20,1.00E-05,0,0,0,0,0,0,0,24,30,NA,NA,NA,NA
75,6,2014,4,20,1.00E-06,0,0,0,0,0,0,0,24,30,NA,NA,NA,NA
76,6,2014,4,20,1.00E-01,3,0,0,3,0,0,0,24,30,NA,NA,NA,NA
76,6,2014,4,20,1.00E-02,3,0,0,1,0,0,0,24,30,NA,NA,NA,NA
76,6,2014,4,20,1.00E-03,2,0,0,0,0,0,0,24,30,NA,NA,NA,NA
76,6,2014,4,20,1.00E-04,0,0,0,0,0,0,0,24,30,NA,NA,NA,NA
76,6,2014,4,20,1.00E-05,0,0,0,0,0,0,0,24,30,NA,NA,NA,NA
76,6,2014,4,20,1.00E-06,0,0,0,0,0,0,0,24,30,NA,NA,NA,NA
77,6,2014,4,20,1.00E-01,3,2,0,3,0,0,0,24,30,NA,NA,NA,NA
77,6,2014,4,20,1.00E-02,3,0,0,1,0,0,0,24,30,NA,NA,NA,NA
77,6,2014,4,20,1.00E-03,1,0,0,0,0,0,0,24,30,NA,NA,NA,NA
77,6,2014,4,20,1.00E-04,0,0,0,0,0,0,0,24,30,NA,NA,NA,NA
77,6,2014,4,20,1.00E-05,0,0,0,0,0,0,0,24,30,NA,NA,NA,NA
77,6,2014,4,20,1.00E-06,0,0,0,0,0,0,0,24,30,NA,NA,NA,NA
78,6,2014,4,20,1.00E-01,3,1,0,3,0,0,0,24,30,NA,NA,NA,NA
78,6,2014,4,20,1.00E-02,3,1,0,2,0,0,0,24,30,NA,NA,NA,NA
78,6,2014,4,20,1.00E-03,0,0,0,0,0,0,0,24,30,NA,NA,NA,NA
78,6,2014,4,20,1.00E-04,0,0,0,0,0,0,0,24,30,NA,NA,NA,NA
78,6,2014,4,20,1.00E-05,0,0,0,0,0,0,0,24,30,NA,NA,NA,NA
78,6,2014,4,20,1.00E-06,0,0,0,0,0,0,0,24,30,NA,NA,NA,NA
79,6,2014,1,21,1.00E-01,3,3,3,3,1,0,1,27,10,NA,NA,NA,NA
79,6,2014,1,21,1.00E-02,3,3,3,3,1,0,1,27,10,NA,NA,NA,NA
79,6,2014,1,21,1.00E-03,3,3,3,2,0,0,0,27,10,NA,NA,NA,NA
79,6,2014,1,21,1.00E-04,3,3,1,1,0,0,0,27,10,NA,NA,NA,NA
79,6,2014,1,21,1.00E-05,2,2,1,2,1,0,1,27,10,NA,NA,NA,NA
79,6,2014,1,21,1.00E-06,0,0,0,0,0,0,0,27,10,NA,NA,NA,NA
80,6,2014,1,21,1.00E-01,3,3,3,3,0,0,0,27,10,NA,NA,NA,NA
80,6,2014,1,21,1.00E-02,3,3,3,2,0,0,0,27,10,NA,NA,NA,NA
80,6,2014,1,21,1.00E-03,3,3,2,2,0,0,0,27,10,NA,NA,NA,NA
80,6,2014,1,21,1.00E-04,3,3,1,1,0,0,0,27,10,NA,NA,NA,NA
80,6,2014,1,21,1.00E-05,0,0,0,0,0,0,0,27,10,NA,NA,NA,NA
80,6,2014,1,21,1.00E-06,0,0,0,0,0,0,0,27,10,NA,NA,NA,NA
81,6,2014,1,21,1.00E-01,3,3,3,2,0,0,0,27,10,NA,NA,NA,NA
81,6,2014,1,21,1.00E-02,3,3,3,3,1,0,1,27,10,NA,NA,NA,NA
81,6,2014,1,21,1.00E-03,3,3,2,0,0,0,0,27,10,NA,NA,NA,NA
81,6,2014,1,21,1.00E-04,3,3,1,1,0,0,0,27,10,NA,NA,NA,NA
81,6,2014,1,21,1.00E-05,1,3,1,2,0,0,0,27,10,NA,NA,NA,NA
81,6,2014,1,21,1.00E-06,0,0,0,0,0,0,0,27,10,NA,NA,NA,NA
82,6,2014,1,21,1.00E-01,3,3,3,3,0,0,0,27,10,NA,NA,NA,NA
82,6,2014,1,21,1.00E-02,3,3,3,1,0,0,0,27,10,NA,NA,NA,NA
82,6,2014,1,21,1.00E-03,3,3,3,0,0,0,0,27,10,NA,NA,NA,NA
82,6,2014,1,21,1.00E-04,3,3,0,2,0,0,0,27,10,NA,NA,NA,NA
82,6,2014,1,21,1.00E-05,1,1,0,1,0,0,0,27,10,NA,NA,NA,NA
82,6,2014,1,21,1.00E-06,0,0,0,0,0,0,0,27,10,NA,NA,NA,NA
83,6,2014,2,22,1.00E-01,3,3,3,3,3,2,3,28,20,NA,NA,NA,NA
83,6,2014,2,22,1.00E-02,3,3,3,3,1,2,2,28,20,NA,NA,NA,NA
83,6,2014,2,22,1.00E-03,3,3,0,3,0,0,0,28,20,NA,NA,NA,NA
83,6,2014,2,22,1.00E-04,3,1,1,2,0,0,0,28,20,NA,NA,NA,NA
83,6,2014,2,22,1.00E-05,1,1,0,1,0,0,0,28,20,NA,NA,NA,NA
83,6,2014,2,22,1.00E-06,1,1,0,0,0,0,0,28,20,NA,NA,NA,NA
84,6,2014,2,22,1.00E-01,3,3,3,3,3,3,3,28,20,NA,NA,NA,NA
84,6,2014,2,22,1.00E-02,3,3,3,3,2,1,2,28,20,NA,NA,NA,NA
84,6,2014,2,22,1.00E-03,3,3,3,3,1,1,1,28,20,NA,NA,NA,NA
84,6,2014,2,22,1.00E-04,3,1,1,1,0,0,0,28,20,NA,NA,NA,NA
84,6,2014,2,22,1.00E-05,3,0,0,1,0,0,0,28,20,NA,NA,NA,NA
84,6,2014,2,22,1.00E-06,1,0,0,2,2,0,2,28,20,NA,NA,NA,NA
85,6,2014,2,22,1.00E-01,3,3,3,3,3,3,3,28,20,NA,NA,NA,NA
85,6,2014,2,22,1.00E-02,3,3,3,3,1,1,1,28,20,NA,NA,NA,NA
85,6,2014,2,22,1.00E-03,3,3,2,3,0,0,0,28,20,NA,NA,NA,NA
85,6,2014,2,22,1.00E-04,3,1,0,2,0,0,0,28,20,NA,NA,NA,NA
85,6,2014,2,22,1.00E-05,2,1,0,2,0,0,0,28,20,NA,NA,NA,NA
85,6,2014,2,22,1.00E-06,0,0,0,0,0,0,0,28,20,NA,NA,NA,NA
86,6,2014,2,22,1.00E-01,3,3,3,3,3,2,3,28,20,NA,NA,NA,NA
86,6,2014,2,22,1.00E-02,3,3,3,3,1,0,1,28,20,NA,NA,NA,NA
86,6,2014,2,22,1.00E-03,3,2,2,3,0,0,0,28,20,NA,NA,NA,NA
86,6,2014,2,22,1.00E-04,3,3,0,2,0,0,0,28,20,NA,NA,NA,NA
86,6,2014,2,22,1.00E-05,3,1,0,0,0,0,0,28,20,NA,NA,NA,NA
86,6,2014,2,22,1.00E-06,0,0,0,0,0,0,0,28,20,NA,NA,NA,NA
87,6,2014,4,23,1.00E-01,3,0,0,3,0,0,0,27,34,NA,NA,NA,NA
87,6,2014,4,23,1.00E-02,3,0,0,3,0,0,0,27,34,NA,NA,NA,NA
87,6,2014,4,23,1.00E-03,3,2,0,2,0,0,0,27,34,NA,NA,NA,NA
87,6,2014,4,23,1.00E-04,3,1,0,0,0,0,0,27,34,NA,NA,NA,NA
87,6,2014,4,23,1.00E-05,0,0,0,0,0,0,0,27,34,NA,NA,NA,NA
87,6,2014,4,23,1.00E-06,0,0,0,0,0,0,0,27,34,NA,NA,NA,NA
88,6,2014,4,23,1.00E-01,3,1,0,3,2,0,2,27,34,NA,NA,NA,NA
88,6,2014,4,23,1.00E-02,3,0,0,3,0,0,0,27,34,NA,NA,NA,NA
88,6,2014,4,23,1.00E-03,3,0,0,2,0,0,0,27,34,NA,NA,NA,NA
88,6,2014,4,23,1.00E-04,2,0,0,1,0,0,0,27,34,NA,NA,NA,NA
88,6,2014,4,23,1.00E-05,1,0,0,0,0,0,0,27,34,NA,NA,NA,NA
88,6,2014,4,23,1.00E-06,0,0,0,0,0,0,0,27,34,NA,NA,NA,NA
89,6,2014,4,23,1.00E-01,3,0,0,3,0,0,0,27,34,NA,NA,NA,NA
89,6,2014,4,23,1.00E-02,3,0,0,3,1,0,1,27,34,NA,NA,NA,NA
89,6,2014,4,23,1.00E-03,3,0,0,2,1,0,1,27,34,NA,NA,NA,NA
89,6,2014,4,23,1.00E-04,3,0,0,2,1,0,1,27,34,NA,NA,NA,NA
89,6,2014,4,23,1.00E-05,1,0,0,0,0,0,0,27,34,NA,NA,NA,NA
89,6,2014,4,23,1.00E-06,0,0,0,0,0,0,0,27,34,NA,NA,NA,NA
90,6,2014,4,23,1.00E-01,3,0,0,3,1,0,1,27,34,NA,NA,NA,NA
90,6,2014,4,23,1.00E-02,3,0,0,3,1,0,1,27,34,NA,NA,NA,NA
90,6,2014,4,23,1.00E-03,3,0,0,3,1,0,1,27,34,NA,NA,NA,NA
90,6,2014,4,23,1.00E-04,3,0,0,3,0,0,0,27,34,NA,NA,NA,NA
90,6,2014,4,23,1.00E-05,0,0,0,0,0,0,0,27,34,NA,NA,NA,NA
90,6,2014,4,23,1.00E-06,0,0,0,0,0,0,0,27,34,NA,NA,NA,NA
91,7,2014,1,24,1.00E-01,3,3,3,3,1,0,1,27,10,NA,NA,NA,NA
91,7,2014,1,24,1.00E-02,3,3,3,2,0,0,0,27,10,NA,NA,NA,NA
91,7,2014,1,24,1.00E-03,3,3,3,2,0,0,0,27,10,NA,NA,NA,NA
91,7,2014,1,24,1.00E-04,3,3,0,1,0,0,0,27,10,NA,NA,NA,NA
91,7,2014,1,24,1.00E-05,3,1,0,0,0,0,0,27,10,NA,NA,NA,NA
91,7,2014,1,24,1.00E-06,2,1,1,0,0,0,0,27,10,NA,NA,NA,NA
92,7,2014,1,24,1.00E-01,3,3,3,3,0,0,0,27,10,NA,NA,NA,NA
92,7,2014,1,24,1.00E-02,3,3,3,3,0,0,0,27,10,NA,NA,NA,NA
92,7,2014,1,24,1.00E-03,3,3,3,0,0,0,0,27,10,NA,NA,NA,NA
92,7,2014,1,24,1.00E-04,3,3,0,0,0,0,0,27,10,NA,NA,NA,NA
92,7,2014,1,24,1.00E-05,2,1,0,0,0,0,0,27,10,NA,NA,NA,NA
92,7,2014,1,24,1.00E-06,0,0,0,0,0,0,0,27,10,NA,NA,NA,NA
93,7,2014,1,24,1.00E-01,3,3,3,3,0,0,0,27,10,NA,NA,NA,NA
93,7,2014,1,24,1.00E-02,3,3,3,2,0,0,0,27,10,NA,NA,NA,NA
93,7,2014,1,24,1.00E-03,3,3,3,1,0,0,0,27,10,NA,NA,NA,NA
93,7,2014,1,24,1.00E-04,3,3,1,0,0,0,0,27,10,NA,NA,NA,NA
93,7,2014,1,24,1.00E-05,1,1,0,1,0,0,0,27,10,NA,NA,NA,NA
93,7,2014,1,24,1.00E-06,0,0,0,0,0,0,0,27,10,NA,NA,NA,NA
94,7,2014,1,24,1.00E-01,3,3,3,3,0,0,0,27,10,NA,NA,NA,NA
94,7,2014,1,24,1.00E-02,3,3,3,3,0,0,0,27,10,NA,NA,NA,NA
94,7,2014,1,24,1.00E-03,3,3,3,0,0,0,0,27,10,NA,NA,NA,NA
94,7,2014,1,24,1.00E-04,3,3,1,0,0,0,0,27,10,NA,NA,NA,NA
94,7,2014,1,24,1.00E-05,3,2,0,0,0,0,0,27,10,NA,NA,NA,NA
94,7,2014,1,24,1.00E-06,1,1,0,0,0,0,0,27,10,NA,NA,NA,NA
95,7,2014,2,25,1.00E-01,3,3,3,3,2,0,2,26,19,NA,NA,NA,NA
95,7,2014,2,25,1.00E-02,3,3,3,3,0,0,0,26,19,NA,NA,NA,NA
95,7,2014,2,25,1.00E-03,3,2,1,2,0,0,0,26,19,NA,NA,NA,NA
95,7,2014,2,25,1.00E-04,3,0,0,0,0,0,0,26,19,NA,NA,NA,NA
95,7,2014,2,25,1.00E-05,2,0,0,0,0,0,0,26,19,NA,NA,NA,NA
95,7,2014,2,25,1.00E-06,0,0,0,0,0,0,0,26,19,NA,NA,NA,NA
96,7,2014,2,25,1.00E-01,3,3,3,3,0,1,1,26,19,NA,NA,NA,NA
96,7,2014,2,25,1.00E-02,3,3,3,3,0,0,0,26,19,NA,NA,NA,NA
96,7,2014,2,25,1.00E-03,3,3,2,2,0,0,0,26,19,NA,NA,NA,NA
96,7,2014,2,25,1.00E-04,3,2,0,2,0,0,0,26,19,NA,NA,NA,NA
96,7,2014,2,25,1.00E-05,0,0,0,0,0,0,0,26,19,NA,NA,NA,NA
96,7,2014,2,25,1.00E-06,0,0,0,0,0,0,0,26,19,NA,NA,NA,NA
97,7,2014,2,25,1.00E-01,3,3,3,3,0,2,2,26,19,NA,NA,NA,NA
97,7,2014,2,25,1.00E-02,3,3,2,3,0,0,0,26,19,NA,NA,NA,NA
97,7,2014,2,25,1.00E-03,3,2,0,3,0,0,0,26,19,NA,NA,NA,NA
97,7,2014,2,25,1.00E-04,3,0,0,2,0,0,0,26,19,NA,NA,NA,NA
97,7,2014,2,25,1.00E-05,0,0,0,0,0,0,0,26,19,NA,NA,NA,NA
97,7,2014,2,25,1.00E-06,0,0,0,0,0,0,0,26,19,NA,NA,NA,NA
98,7,2014,2,25,1.00E-01,3,3,3,3,1,2,2,26,19,NA,NA,NA,NA
98,7,2014,2,25,1.00E-02,3,3,3,3,0,0,0,26,19,NA,NA,NA,NA
98,7,2014,2,25,1.00E-03,3,1,1,3,0,0,0,26,19,NA,NA,NA,NA
98,7,2014,2,25,1.00E-04,3,2,0,0,0,0,0,26,19,NA,NA,NA,NA
98,7,2014,2,25,1.00E-05,2,2,0,0,0,0,0,26,19,NA,NA,NA,NA
98,7,2014,2,25,1.00E-06,0,0,0,0,0,0,0,26,19,NA,NA,NA,NA
99,7,2014,4,26,1.00E-01,3,0,0,3,1,0,1,26,34,NA,NA,NA,NA
99,7,2014,4,26,1.00E-02,3,0,0,3,0,0,0,26,34,NA,NA,NA,NA
99,7,2014,4,26,1.00E-03,3,1,1,3,0,0,0,26,34,NA,NA,NA,NA
99,7,2014,4,26,1.00E-04,3,1,1,3,0,0,0,26,34,NA,NA,NA,NA
99,7,2014,4,26,1.00E-05,0,0,0,0,0,0,0,26,34,NA,NA,NA,NA
99,7,2014,4,26,1.00E-06,0,0,0,0,0,0,0,26,34,NA,NA,NA,NA
100,7,2014,4,26,1.00E-01,3,0,0,3,1,0,1,26,34,NA,NA,NA,NA
100,7,2014,4,26,1.00E-02,3,0,0,3,0,0,0,26,34,NA,NA,NA,NA
100,7,2014,4,26,1.00E-03,3,1,0,3,0,0,0,26,34,NA,NA,NA,NA
100,7,2014,4,26,1.00E-04,3,0,0,1,0,0,0,26,34,NA,NA,NA,NA
100,7,2014,4,26,1.00E-05,0,0,0,0,0,0,0,26,34,NA,NA,NA,NA
100,7,2014,4,26,1.00E-06,0,0,0,0,0,0,0,26,34,NA,NA,NA,NA
101,7,2014,4,26,1.00E-01,3,0,0,3,1,0,1,26,34,NA,NA,NA,NA
101,7,2014,4,26,1.00E-02,3,0,0,3,1,0,1,26,34,NA,NA,NA,NA
101,7,2014,4,26,1.00E-03,3,0,0,3,0,0,0,26,34,NA,NA,NA,NA
101,7,2014,4,26,1.00E-04,3,0,0,2,0,0,0,26,34,NA,NA,NA,NA
101,7,2014,4,26,1.00E-05,1,0,0,1,0,0,0,26,34,NA,NA,NA,NA
101,7,2014,4,26,1.00E-06,0,0,0,0,0,0,0,26,34,NA,NA,NA,NA
102,7,2014,4,26,1.00E-01,3,0,0,3,2,0,2,26,34,NA,NA,NA,NA
102,7,2014,4,26,1.00E-02,3,1,0,3,0,0,0,26,34,NA,NA,NA,NA
102,7,2014,4,26,1.00E-03,3,0,0,3,0,0,0,26,34,NA,NA,NA,NA
102,7,2014,4,26,1.00E-04,3,0,0,3,0,0,0,26,34,NA,NA,NA,NA
102,7,2014,4,26,1.00E-05,2,0,0,1,0,0,0,26,34,NA,NA,NA,NA
102,7,2014,4,26,1.00E-06,0,0,0,0,0,0,0,26,34,NA,NA,NA,NA
103,7,2014,1,27,1.00E-01,3,3,3,3,0,0,0,27,12,NA,NA,NA,NA
103,7,2014,1,27,1.00E-02,3,3,3,3,0,0,0,27,12,NA,NA,NA,NA
103,7,2014,1,27,1.00E-03,3,3,3,2,0,0,0,27,12,NA,NA,NA,NA
103,7,2014,1,27,1.00E-04,3,3,0,0,0,0,0,27,12,NA,NA,NA,NA
103,7,2014,1,27,1.00E-05,3,3,1,0,0,0,0,27,12,NA,NA,NA,NA
103,7,2014,1,27,1.00E-06,0,0,0,0,0,0,0,27,12,NA,NA,NA,NA
104,7,2014,1,27,1.00E-01,3,3,3,3,2,0,2,27,12,NA,NA,NA,NA
104,7,2014,1,27,1.00E-02,3,3,3,3,1,0,1,27,12,NA,NA,NA,NA
104,7,2014,1,27,1.00E-03,3,3,1,1,0,0,0,27,12,NA,NA,NA,NA
104,7,2014,1,27,1.00E-04,3,3,0,0,0,0,0,27,12,NA,NA,NA,NA
104,7,2014,1,27,1.00E-05,2,1,0,0,0,0,0,27,12,NA,NA,NA,NA
104,7,2014,1,27,1.00E-06,1,0,0,0,0,0,0,27,12,NA,NA,NA,NA
105,7,2014,1,27,1.00E-01,3,3,3,3,0,1,1,27,12,NA,NA,NA,NA
105,7,2014,1,27,1.00E-02,3,3,3,3,0,0,0,27,12,NA,NA,NA,NA
105,7,2014,1,27,1.00E-03,3,3,2,1,0,0,0,27,12,NA,NA,NA,NA
105,7,2014,1,27,1.00E-04,3,3,1,0,0,0,0,27,12,NA,NA,NA,NA
105,7,2014,1,27,1.00E-05,2,2,0,0,0,0,0,27,12,NA,NA,NA,NA
105,7,2014,1,27,1.00E-06,0,0,0,0,0,0,0,27,12,NA,NA,NA,NA
106,7,2014,1,27,1.00E-01,3,3,3,3,2,0,2,27,12,NA,NA,NA,NA
106,7,2014,1,27,1.00E-02,3,3,3,3,0,0,0,27,12,NA,NA,NA,NA
106,7,2014,1,27,1.00E-03,3,3,2,2,0,0,0,27,12,NA,NA,NA,NA
106,7,2014,1,27,1.00E-04,3,2,0,0,0,0,0,27,12,NA,NA,NA,NA
106,7,2014,1,27,1.00E-05,3,2,0,1,0,0,0,27,12,NA,NA,NA,NA
106,7,2014,1,27,1.00E-06,1,0,0,0,0,0,0,27,12,NA,NA,NA,NA
107,7,2014,2,28,1.00E-01,3,3,3,3,2,1,2,28,20,NA,NA,NA,NA
107,7,2014,2,28,1.00E-02,3,3,3,3,0,0,0,28,20,NA,NA,NA,NA
107,7,2014,2,28,1.00E-03,3,1,0,2,0,0,0,28,20,NA,NA,NA,NA
107,7,2014,2,28,1.00E-04,1,0,0,0,0,0,0,28,20,NA,NA,NA,NA
107,7,2014,2,28,1.00E-05,1,0,0,0,0,0,0,28,20,NA,NA,NA,NA
107,7,2014,2,28,1.00E-06,0,0,0,0,0,0,0,28,20,NA,NA,NA,NA
108,7,2014,2,28,1.00E-01,3,3,3,3,1,2,2,28,20,NA,NA,NA,NA
108,7,2014,2,28,1.00E-02,3,3,3,3,0,0,0,28,20,NA,NA,NA,NA
108,7,2014,2,28,1.00E-03,3,2,2,3,0,0,0,28,20,NA,NA,NA,NA
108,7,2014,2,28,1.00E-04,3,1,0,2,0,0,0,28,20,NA,NA,NA,NA
108,7,2014,2,28,1.00E-05,1,0,0,1,0,0,0,28,20,NA,NA,NA,NA
108,7,2014,2,28,1.00E-06,0,0,0,0,0,0,0,28,20,NA,NA,NA,NA
109,7,2014,2,28,1.00E-01,3,3,3,3,1,3,3,28,20,NA,NA,NA,NA
109,7,2014,2,28,1.00E-02,3,3,3,3,1,0,1,28,20,NA,NA,NA,NA
109,7,2014,2,28,1.00E-03,3,2,0,3,0,0,0,28,20,NA,NA,NA,NA
109,7,2014,2,28,1.00E-04,3,1,0,0,0,0,0,28,20,NA,NA,NA,NA
109,7,2014,2,28,1.00E-05,0,0,0,0,0,0,0,28,20,NA,NA,NA,NA
109,7,2014,2,28,1.00E-06,0,0,0,0,0,0,0,28,20,NA,NA,NA,NA
110,7,2014,2,28,1.00E-01,3,3,3,3,1,0,1,28,20,NA,NA,NA,NA
110,7,2014,2,28,1.00E-02,3,3,3,3,1,0,1,28,20,NA,NA,NA,NA
110,7,2014,2,28,1.00E-03,3,0,0,3,0,0,0,28,20,NA,NA,NA,NA
110,7,2014,2,28,1.00E-04,3,1,1,1,0,0,0,28,20,NA,NA,NA,NA
110,7,2014,2,28,1.00E-05,0,0,0,0,0,0,0,28,20,NA,NA,NA,NA
110,7,2014,2,28,1.00E-06,0,0,0,0,0,0,0,28,20,NA,NA,NA,NA
111,7,2014,4,29,1.00E-01,3,1,1,3,0,0,0,27,33,NA,NA,NA,NA
111,7,2014,4,29,1.00E-02,3,0,0,2,0,0,0,27,33,NA,NA,NA,NA
111,7,2014,4,29,1.00E-03,3,1,0,1,0,0,0,27,33,NA,NA,NA,NA
111,7,2014,4,29,1.00E-04,2,0,0,0,0,0,0,27,33,NA,NA,NA,NA
111,7,2014,4,29,1.00E-05,1,0,0,0,0,0,0,27,33,NA,NA,NA,NA
111,7,2014,4,29,1.00E-06,0,0,0,0,0,0,0,27,33,NA,NA,NA,NA
112,7,2014,4,29,1.00E-01,3,2,2,3,0,0,0,27,33,NA,NA,NA,NA
112,7,2014,4,29,1.00E-02,3,1,1,3,0,0,0,27,33,NA,NA,NA,NA
112,7,2014,4,29,1.00E-03,3,0,0,1,0,0,0,27,33,NA,NA,NA,NA
112,7,2014,4,29,1.00E-04,2,0,0,0,0,0,0,27,33,NA,NA,NA,NA
112,7,2014,4,29,1.00E-05,0,0,0,0,0,0,0,27,33,NA,NA,NA,NA
112,7,2014,4,29,1.00E-06,0,0,0,0,0,0,0,27,33,NA,NA,NA,NA
113,7,2014,4,29,1.00E-01,3,2,1,3,1,0,1,27,33,NA,NA,NA,NA
113,7,2014,4,29,1.00E-02,3,1,0,3,0,0,0,27,33,NA,NA,NA,NA
113,7,2014,4,29,1.00E-03,3,0,0,3,0,0,0,27,33,NA,NA,NA,NA
113,7,2014,4,29,1.00E-04,1,2,0,1,0,0,0,27,33,NA,NA,NA,NA
113,7,2014,4,29,1.00E-05,1,2,0,0,0,0,0,27,33,NA,NA,NA,NA
113,7,2014,4,29,1.00E-06,0,0,0,0,0,0,0,27,33,NA,NA,NA,NA
114,7,2014,4,29,1.00E-01,3,0,0,3,1,0,1,27,33,NA,NA,NA,NA
114,7,2014,4,29,1.00E-02,3,1,0,3,1,0,1,27,33,NA,NA,NA,NA
114,7,2014,4,29,1.00E-03,3,2,0,2,0,0,0,27,33,NA,NA,NA,NA
114,7,2014,4,29,1.00E-04,2,0,0,0,0,0,0,27,33,NA,NA,NA,NA
114,7,2014,4,29,1.00E-05,0,0,0,0,0,0,0,27,33,NA,NA,NA,NA
114,7,2014,4,29,1.00E-06,0,0,0,0,0,0,0,27,33,NA,NA,NA,NA
115,7,2014,1,30,1.00E-01,3,3,3,3,0,0,0,26,11,NA,NA,NA,NA
115,7,2014,1,30,1.00E-02,3,3,3,3,0,0,0,26,11,NA,NA,NA,NA
115,7,2014,1,30,1.00E-03,3,3,3,2,0,0,0,26,11,NA,NA,NA,NA
115,7,2014,1,30,1.00E-04,3,3,1,0,0,0,0,26,11,NA,NA,NA,NA
115,7,2014,1,30,1.00E-05,3,3,0,0,0,0,0,26,11,NA,NA,NA,NA
115,7,2014,1,30,1.00E-06,1,1,0,0,0,0,0,26,11,NA,NA,NA,NA
116,7,2014,1,30,1.00E-01,3,3,3,3,1,0,1,26,11,NA,NA,NA,NA
116,7,2014,1,30,1.00E-02,3,3,3,2,0,0,0,26,11,NA,NA,NA,NA
116,7,2014,1,30,1.00E-03,3,3,3,0,0,0,0,26,11,NA,NA,NA,NA
116,7,2014,1,30,1.00E-04,3,3,0,0,0,0,0,26,11,NA,NA,NA,NA
116,7,2014,1,30,1.00E-05,0,0,0,0,0,0,0,26,11,NA,NA,NA,NA
116,7,2014,1,30,1.00E-06,0,0,0,0,0,0,0,26,11,NA,NA,NA,NA
117,7,2014,1,30,1.00E-01,3,3,3,3,1,0,1,26,11,NA,NA,NA,NA
117,7,2014,1,30,1.00E-02,3,3,3,3,0,0,0,26,11,NA,NA,NA,NA
117,7,2014,1,30,1.00E-03,3,3,3,2,0,0,0,26,11,NA,NA,NA,NA
117,7,2014,1,30,1.00E-04,3,2,0,0,0,0,0,26,11,NA,NA,NA,NA
117,7,2014,1,30,1.00E-05,1,0,0,1,0,0,0,26,11,NA,NA,NA,NA
117,7,2014,1,30,1.00E-06,1,2,1,0,0,0,0,26,11,NA,NA,NA,NA
118,7,2014,1,30,1.00E-01,3,3,3,3,0,0,0,26,11,NA,NA,NA,NA
118,7,2014,1,30,1.00E-02,3,3,3,3,0,0,0,26,11,NA,NA,NA,NA
118,7,2014,1,30,1.00E-03,3,3,2,1,0,0,0,26,11,NA,NA,NA,NA
118,7,2014,1,30,1.00E-04,3,3,0,1,0,0,0,26,11,NA,NA,NA,NA
118,7,2014,1,30,1.00E-05,3,1,1,0,0,0,0,26,11,NA,NA,NA,NA
118,7,2014,1,30,1.00E-06,0,0,0,0,0,0,0,26,11,NA,NA,NA,NA
119,7,2014,2,31,1.00E-01,3,3,3,3,2,0,2,25,22,NA,NA,NA,NA
119,7,2014,2,31,1.00E-02,3,3,3,3,0,0,0,25,22,NA,NA,NA,NA
119,7,2014,2,31,1.00E-03,3,3,1,3,0,0,0,25,22,NA,NA,NA,NA
119,7,2014,2,31,1.00E-04,3,1,0,0,0,0,0,25,22,NA,NA,NA,NA
119,7,2014,2,31,1.00E-05,1,0,0,0,0,0,0,25,22,NA,NA,NA,NA
119,7,2014,2,31,1.00E-06,1,0,0,2,0,0,0,25,22,NA,NA,NA,NA
120,7,2014,2,31,1.00E-01,3,3,3,3,0,2,2,25,22,NA,NA,NA,NA
120,7,2014,2,31,1.00E-02,3,3,3,3,0,0,0,25,22,NA,NA,NA,NA
120,7,2014,2,31,1.00E-03,3,3,1,2,0,0,0,25,22,NA,NA,NA,NA
120,7,2014,2,31,1.00E-04,3,1,0,0,0,0,0,25,22,NA,NA,NA,NA
120,7,2014,2,31,1.00E-05,1,1,0,0,0,0,0,25,22,NA,NA,NA,NA
120,7,2014,2,31,1.00E-06,0,0,0,0,0,0,0,25,22,NA,NA,NA,NA
121,7,2014,2,31,1.00E-01,3,3,3,3,0,1,1,25,22,NA,NA,NA,NA
121,7,2014,2,31,1.00E-02,3,3,3,3,0,0,0,25,22,NA,NA,NA,NA
121,7,2014,2,31,1.00E-03,3,3,2,3,0,0,0,25,22,NA,NA,NA,NA
121,7,2014,2,31,1.00E-04,3,0,0,0,0,0,0,25,22,NA,NA,NA,NA
121,7,2014,2,31,1.00E-05,2,0,0,1,0,0,0,25,22,NA,NA,NA,NA
121,7,2014,2,31,1.00E-06,0,0,0,0,0,0,0,25,22,NA,NA,NA,NA
122,7,2014,2,31,1.00E-01,3,3,3,3,2,0,2,25,22,NA,NA,NA,NA
122,7,2014,2,31,1.00E-02,3,3,3,3,0,0,0,25,22,NA,NA,NA,NA
122,7,2014,2,31,1.00E-03,3,2,0,2,0,0,0,25,22,NA,NA,NA,NA
122,7,2014,2,31,1.00E-04,3,1,1,0,0,0,0,25,22,NA,NA,NA,NA
122,7,2014,2,31,1.00E-05,0,0,0,0,0,0,0,25,22,NA,NA,NA,NA
122,7,2014,2,31,1.00E-06,1,0,0,0,0,0,0,25,22,NA,NA,NA,NA
123,7,2014,4,32,1.00E-01,3,1,0,3,1,0,1,26,33,NA,NA,NA,NA
123,7,2014,4,32,1.00E-02,3,1,0,3,0,0,0,26,33,NA,NA,NA,NA
123,7,2014,4,32,1.00E-03,3,2,0,0,0,0,0,26,33,NA,NA,NA,NA
123,7,2014,4,32,1.00E-04,1,1,0,1,0,0,0,26,33,NA,NA,NA,NA
123,7,2014,4,32,1.00E-05,0,0,0,0,0,0,0,26,33,NA,NA,NA,NA
123,7,2014,4,32,1.00E-06,0,0,0,0,0,0,0,26,33,NA,NA,NA,NA
124,7,2014,4,32,1.00E-01,3,0,0,3,1,0,1,26,33,NA,NA,NA,NA
124,7,2014,4,32,1.00E-02,3,1,0,3,0,0,0,26,33,NA,NA,NA,NA
124,7,2014,4,32,1.00E-03,3,0,0,2,0,0,0,26,33,NA,NA,NA,NA
124,7,2014,4,32,1.00E-04,3,0,0,0,0,0,0,26,33,NA,NA,NA,NA
124,7,2014,4,32,1.00E-05,0,0,0,0,0,0,0,26,33,NA,NA,NA,NA
124,7,2014,4,32,1.00E-06,0,0,0,0,0,0,0,26,33,NA,NA,NA,NA
125,7,2014,4,32,1.00E-01,3,1,0,3,0,0,0,26,33,NA,NA,NA,NA
125,7,2014,4,32,1.00E-02,3,0,0,3,0,0,0,26,33,NA,NA,NA,NA
125,7,2014,4,32,1.00E-03,3,0,0,0,0,0,0,26,33,NA,NA,NA,NA
125,7,2014,4,32,1.00E-04,2,1,0,0,0,0,0,26,33,NA,NA,NA,NA
125,7,2014,4,32,1.00E-05,1,1,1,1,0,0,0,26,33,NA,NA,NA,NA
125,7,2014,4,32,1.00E-06,0,0,0,0,0,0,0,26,33,NA,NA,NA,NA
126,7,2014,4,32,1.00E-01,3,0,0,3,0,0,0,26,33,NA,NA,NA,NA
126,7,2014,4,32,1.00E-02,3,0,0,3,0,0,0,26,33,NA,NA,NA,NA
126,7,2014,4,32,1.00E-03,3,0,0,1,0,0,0,26,33,NA,NA,NA,NA
126,7,2014,4,32,1.00E-04,0,0,0,0,0,0,0,26,33,NA,NA,NA,NA
126,7,2014,4,32,1.00E-05,0,0,0,0,0,0,0,26,33,NA,NA,NA,NA
126,7,2014,4,32,1.00E-06,0,0,0,0,0,0,0,26,33,NA,NA,NA,NA
127,8,2014,1,33,1.00E-01,3,3,3,3,0,2,2,27,12,NA,NA,NA,NA
127,8,2014,1,33,1.00E-02,3,3,3,3,0,1,1,27,12,NA,NA,NA,NA
127,8,2014,1,33,1.00E-03,3,3,3,2,0,0,0,27,12,NA,NA,NA,NA
127,8,2014,1,33,1.00E-04,3,3,2,0,0,0,0,27,12,NA,NA,NA,NA
127,8,2014,1,33,1.00E-05,1,1,0,0,0,0,0,27,12,NA,NA,NA,NA
127,8,2014,1,33,1.00E-06,1,0,0,2,0,0,0,27,12,NA,NA,NA,NA
128,8,2014,1,33,1.00E-01,3,3,3,3,0,0,0,27,12,NA,NA,NA,NA
128,8,2014,1,33,1.00E-02,3,3,3,3,0,0,0,27,12,NA,NA,NA,NA
128,8,2014,1,33,1.00E-03,3,3,3,2,0,0,0,27,12,NA,NA,NA,NA
128,8,2014,1,33,1.00E-04,3,2,0,0,0,0,0,27,12,NA,NA,NA,NA
128,8,2014,1,33,1.00E-05,0,0,0,0,0,0,0,27,12,NA,NA,NA,NA
128,8,2014,1,33,1.00E-06,0,0,0,0,0,0,0,27,12,NA,NA,NA,NA
129,8,2014,1,33,1.00E-01,3,3,3,3,0,0,0,27,12,NA,NA,NA,NA
129,8,2014,1,33,1.00E-02,3,3,3,3,0,0,0,27,12,NA,NA,NA,NA
129,8,2014,1,33,1.00E-03,3,3,3,0,0,0,0,27,12,NA,NA,NA,NA
129,8,2014,1,33,1.00E-04,3,3,2,1,0,0,0,27,12,NA,NA,NA,NA
129,8,2014,1,33,1.00E-05,1,1,0,0,0,0,0,27,12,NA,NA,NA,NA
129,8,2014,1,33,1.00E-06,1,1,0,1,0,0,0,27,12,NA,NA,NA,NA
130,8,2014,1,33,1.00E-01,3,3,3,3,0,0,0,27,12,NA,NA,NA,NA
130,8,2014,1,33,1.00E-02,3,3,3,3,0,0,0,27,12,NA,NA,NA,NA
130,8,2014,1,33,1.00E-03,3,3,3,0,0,0,0,27,12,NA,NA,NA,NA
130,8,2014,1,33,1.00E-04,3,3,0,1,0,0,0,27,12,NA,NA,NA,NA
130,8,2014,1,33,1.00E-05,1,0,0,0,0,0,0,27,12,NA,NA,NA,NA
130,8,2014,1,33,1.00E-06,1,1,0,0,0,0,0,27,12,NA,NA,NA,NA
131,8,2014,2,34,1.00E-01,3,3,3,3,0,1,1,25,21,NA,NA,NA,NA
131,8,2014,2,34,1.00E-02,3,3,3,3,1,0,1,25,21,NA,NA,NA,NA
131,8,2014,2,34,1.00E-03,3,3,1,1,0,0,0,25,21,NA,NA,NA,NA
131,8,2014,2,34,1.00E-04,3,3,1,0,0,0,0,25,21,NA,NA,NA,NA
131,8,2014,2,34,1.00E-05,0,0,0,0,0,0,0,25,21,NA,NA,NA,NA
131,8,2014,2,34,1.00E-06,0,0,0,0,0,0,0,25,21,NA,NA,NA,NA
132,8,2014,2,34,1.00E-01,3,3,3,3,0,0,0,25,21,NA,NA,NA,NA
132,8,2014,2,34,1.00E-02,3,3,3,3,0,0,0,25,21,NA,NA,NA,NA
132,8,2014,2,34,1.00E-03,3,3,2,2,0,0,0,25,21,NA,NA,NA,NA
132,8,2014,2,34,1.00E-04,3,1,1,0,0,0,0,25,21,NA,NA,NA,NA
132,8,2014,2,34,1.00E-05,0,0,0,0,0,0,0,25,21,NA,NA,NA,NA
132,8,2014,2,34,1.00E-06,0,0,0,0,0,0,0,25,21,NA,NA,NA,NA
133,8,2014,2,34,1.00E-01,3,3,3,3,0,0,0,25,21,NA,NA,NA,NA
133,8,2014,2,34,1.00E-02,3,3,2,3,0,0,0,25,21,NA,NA,NA,NA
133,8,2014,2,34,1.00E-03,3,3,1,1,0,0,0,25,21,NA,NA,NA,NA
133,8,2014,2,34,1.00E-04,3,3,3,1,0,0,0,25,21,NA,NA,NA,NA
133,8,2014,2,34,1.00E-05,1,1,0,0,0,0,0,25,21,NA,NA,NA,NA
133,8,2014,2,34,1.00E-06,0,0,0,0,0,0,0,25,21,NA,NA,NA,NA
134,8,2014,2,34,1.00E-01,3,3,3,3,0,1,1,25,21,NA,NA,NA,NA
134,8,2014,2,34,1.00E-02,3,3,3,3,0,0,0,25,21,NA,NA,NA,NA
134,8,2014,2,34,1.00E-03,3,3,2,2,0,0,0,25,21,NA,NA,NA,NA
134,8,2014,2,34,1.00E-04,2,1,1,1,0,0,0,25,21,NA,NA,NA,NA
134,8,2014,2,34,1.00E-05,0,0,0,0,0,0,0,25,21,NA,NA,NA,NA
134,8,2014,2,34,1.00E-06,0,0,0,0,0,0,0,25,21,NA,NA,NA,NA
135,8,2014,4,35,1.00E-01,3,0,0,3,0,0,0,26,35,NA,NA,NA,NA
135,8,2014,4,35,1.00E-02,3,0,0,3,0,0,0,26,35,NA,NA,NA,NA
135,8,2014,4,35,1.00E-03,3,0,0,1,0,0,0,26,35,NA,NA,NA,NA
135,8,2014,4,35,1.00E-04,1,1,0,0,0,0,0,26,35,NA,NA,NA,NA
135,8,2014,4,35,1.00E-05,1,1,0,2,0,0,0,26,35,NA,NA,NA,NA
135,8,2014,4,35,1.00E-06,0,0,0,0,0,0,0,26,35,NA,NA,NA,NA
136,8,2014,4,35,1.00E-01,3,0,0,3,0,0,0,26,35,NA,NA,NA,NA
136,8,2014,4,35,1.00E-02,3,1,0,3,0,0,0,26,35,NA,NA,NA,NA
136,8,2014,4,35,1.00E-03,3,1,0,2,0,0,0,26,35,NA,NA,NA,NA
136,8,2014,4,35,1.00E-04,1,0,0,0,0,0,0,26,35,NA,NA,NA,NA
136,8,2014,4,35,1.00E-05,2,0,0,1,0,0,0,26,35,NA,NA,NA,NA
136,8,2014,4,35,1.00E-06,0,0,0,0,0,0,0,26,35,NA,NA,NA,NA
137,8,2014,4,35,1.00E-01,3,2,0,3,0,0,0,26,35,NA,NA,NA,NA
137,8,2014,4,35,1.00E-02,3,1,0,3,0,0,0,26,35,NA,NA,NA,NA
137,8,2014,4,35,1.00E-03,3,0,0,1,0,0,0,26,35,NA,NA,NA,NA
137,8,2014,4,35,1.00E-04,2,0,0,1,1,0,1,26,35,NA,NA,NA,NA
137,8,2014,4,35,1.00E-05,0,0,0,0,0,0,0,26,35,NA,NA,NA,NA
137,8,2014,4,35,1.00E-06,0,0,0,0,0,0,0,26,35,NA,NA,NA,NA
138,8,2014,4,35,1.00E-01,3,0,0,3,0,0,0,26,35,NA,NA,NA,NA
138,8,2014,4,35,1.00E-02,3,1,0,2,0,0,0,26,35,NA,NA,NA,NA
138,8,2014,4,35,1.00E-03,3,1,0,3,0,0,0,26,35,NA,NA,NA,NA
138,8,2014,4,35,1.00E-04,2,1,0,0,0,0,0,26,35,NA,NA,NA,NA
138,8,2014,4,35,1.00E-05,0,0,0,0,0,0,0,26,35,NA,NA,NA,NA
138,8,2014,4,35,1.00E-06,0,0,0,0,0,0,0,26,35,NA,NA,NA,NA
139,8,2014,1,36,1.00E-01,3,3,3,3,0,0,0,25,11,NA,NA,NA,NA
139,8,2014,1,36,1.00E-02,3,3,3,3,0,0,0,25,11,NA,NA,NA,NA
139,8,2014,1,36,1.00E-03,3,3,2,2,0,0,0,25,11,NA,NA,NA,NA
139,8,2014,1,36,1.00E-04,3,3,0,0,0,0,0,25,11,NA,NA,NA,NA
139,8,2014,1,36,1.00E-05,1,0,0,0,0,0,0,25,11,NA,NA,NA,NA
139,8,2014,1,36,1.00E-06,0,0,0,0,0,0,0,25,11,NA,NA,NA,NA
140,8,2014,1,36,1.00E-01,3,3,3,3,0,0,0,25,11,NA,NA,NA,NA
140,8,2014,1,36,1.00E-02,3,3,3,3,0,0,0,25,11,NA,NA,NA,NA
140,8,2014,1,36,1.00E-03,3,3,3,1,0,0,0,25,11,NA,NA,NA,NA
140,8,2014,1,36,1.00E-04,3,3,0,0,0,0,0,25,11,NA,NA,NA,NA
140,8,2014,1,36,1.00E-05,1,1,1,0,0,0,0,25,11,NA,NA,NA,NA
140,8,2014,1,36,1.00E-06,0,0,0,0,0,0,0,25,11,NA,NA,NA,NA
141,8,2014,1,36,1.00E-01,3,3,3,3,0,0,0,25,11,NA,NA,NA,NA
141,8,2014,1,36,1.00E-02,3,3,3,3,0,0,0,25,11,NA,NA,NA,NA
141,8,2014,1,36,1.00E-03,3,3,3,1,0,0,0,25,11,NA,NA,NA,NA
141,8,2014,1,36,1.00E-04,3,3,0,0,0,0,0,25,11,NA,NA,NA,NA
141,8,2014,1,36,1.00E-05,0,0,0,0,0,0,0,25,11,NA,NA,NA,NA
141,8,2014,1,36,1.00E-06,0,0,0,0,0,0,0,25,11,NA,NA,NA,NA
142,8,2014,1,36,1.00E-01,3,3,3,3,0,0,0,25,11,NA,NA,NA,NA
142,8,2014,1,36,1.00E-02,3,3,3,3,0,0,0,25,11,NA,NA,NA,NA
142,8,2014,1,36,1.00E-03,3,3,3,3,0,0,0,25,11,NA,NA,NA,NA
142,8,2014,1,36,1.00E-04,3,3,0,1,0,0,0,25,11,NA,NA,NA,NA
142,8,2014,1,36,1.00E-05,0,0,0,0,0,0,0,25,11,NA,NA,NA,NA
142,8,2014,1,36,1.00E-06,0,0,0,0,0,0,0,25,11,NA,NA,NA,NA
143,8,2014,2,37,1.00E-01,3,3,3,3,0,0,0,24,21,NA,NA,NA,NA
143,8,2014,2,37,1.00E-02,3,3,3,3,0,0,0,24,21,NA,NA,NA,NA
143,8,2014,2,37,1.00E-03,3,3,1,3,0,0,0,24,21,NA,NA,NA,NA
143,8,2014,2,37,1.00E-04,3,2,1,2,0,0,0,24,21,NA,NA,NA,NA
143,8,2014,2,37,1.00E-05,0,0,0,0,0,0,0,24,21,NA,NA,NA,NA
143,8,2014,2,37,1.00E-06,0,0,0,0,0,0,0,24,21,NA,NA,NA,NA
144,8,2014,2,37,1.00E-01,3,3,3,3,0,0,0,24,21,NA,NA,NA,NA
144,8,2014,2,37,1.00E-02,3,3,3,3,0,0,0,24,21,NA,NA,NA,NA
144,8,2014,2,37,1.00E-03,3,3,1,1,0,0,0,24,21,NA,NA,NA,NA
144,8,2014,2,37,1.00E-04,2,1,1,1,0,0,0,24,21,NA,NA,NA,NA
144,8,2014,2,37,1.00E-05,0,0,0,0,0,0,0,24,21,NA,NA,NA,NA
144,8,2014,2,37,1.00E-06,0,0,0,0,0,0,0,24,21,NA,NA,NA,NA
145,8,2014,2,37,1.00E-01,3,3,3,3,0,0,0,24,21,NA,NA,NA,NA
145,8,2014,2,37,1.00E-02,3,3,2,3,0,0,0,24,21,NA,NA,NA,NA
145,8,2014,2,37,1.00E-03,3,3,2,2,0,0,0,24,21,NA,NA,NA,NA
145,8,2014,2,37,1.00E-04,3,0,0,1,0,0,0,24,21,NA,NA,NA,NA
145,8,2014,2,37,1.00E-05,0,0,0,0,0,0,0,24,21,NA,NA,NA,NA
145,8,2014,2,37,1.00E-06,0,0,0,0,0,0,0,24,21,NA,NA,NA,NA
146,8,2014,2,37,1.00E-01,3,3,3,3,0,0,0,24,21,NA,NA,NA,NA
146,8,2014,2,37,1.00E-02,3,3,3,3,0,0,0,24,21,NA,NA,NA,NA
146,8,2014,2,37,1.00E-03,3,2,1,3,0,0,0,24,21,NA,NA,NA,NA
146,8,2014,2,37,1.00E-04,3,1,0,1,0,0,0,24,21,NA,NA,NA,NA
146,8,2014,2,37,1.00E-05,0,0,0,0,0,0,0,24,21,NA,NA,NA,NA
146,8,2014,2,37,1.00E-06,0,0,0,0,0,0,0,24,21,NA,NA,NA,NA
147,8,2014,4,38,1.00E-01,3,2,1,3,0,0,0,25,35,NA,NA,NA,NA
147,8,2014,4,38,1.00E-02,3,1,0,3,0,0,0,25,35,NA,NA,NA,NA
147,8,2014,4,38,1.00E-03,3,0,0,0,0,0,0,25,35,NA,NA,NA,NA
147,8,2014,4,38,1.00E-04,1,1,0,2,0,0,0,25,35,NA,NA,NA,NA
147,8,2014,4,38,1.00E-05,0,0,0,0,0,0,0,25,35,NA,NA,NA,NA
147,8,2014,4,38,1.00E-06,0,0,0,0,0,0,0,25,35,NA,NA,NA,NA
148,8,2014,4,38,1.00E-01,3,0,0,3,0,0,0,25,35,NA,NA,NA,NA
148,8,2014,4,38,1.00E-02,3,0,0,3,0,0,0,25,35,NA,NA,NA,NA
148,8,2014,4,38,1.00E-03,3,2,1,1,0,0,0,25,35,NA,NA,NA,NA
148,8,2014,4,38,1.00E-04,1,0,0,1,0,0,0,25,35,NA,NA,NA,NA
148,8,2014,4,38,1.00E-05,0,0,0,0,0,0,0,25,35,NA,NA,NA,NA
148,8,2014,4,38,1.00E-06,0,0,0,0,0,0,0,25,35,NA,NA,NA,NA
149,8,2014,4,38,1.00E-01,3,0,0,3,0,0,0,25,35,NA,NA,NA,NA
149,8,2014,4,38,1.00E-02,3,0,0,3,0,0,0,25,35,NA,NA,NA,NA
149,8,2014,4,38,1.00E-03,3,2,1,2,0,0,0,25,35,NA,NA,NA,NA
149,8,2014,4,38,1.00E-04,3,0,0,1,0,0,0,25,35,NA,NA,NA,NA
149,8,2014,4,38,1.00E-05,0,0,0,0,0,0,0,25,35,NA,NA,NA,NA
149,8,2014,4,38,1.00E-06,0,0,0,0,0,0,0,25,35,NA,NA,NA,NA
150,8,2014,4,38,1.00E-01,3,0,0,3,0,0,0,25,35,NA,NA,NA,NA
150,8,2014,4,38,1.00E-02,3,0,0,3,0,0,0,25,35,NA,NA,NA,NA
150,8,2014,4,38,1.00E-03,3,0,0,1,0,0,0,25,35,NA,NA,NA,NA
150,8,2014,4,38,1.00E-04,2,0,0,1,0,0,0,25,35,NA,NA,NA,NA
150,8,2014,4,38,1.00E-05,1,0,0,0,0,0,0,25,35,NA,NA,NA,NA
150,8,2014,4,38,1.00E-06,0,0,0,0,0,0,0,25,35,NA,NA,NA,NA
151,9,2014,1,39,1.00E-01,3,3,3,3,1,1,1,24,15,NA,NA,NA,NA
151,9,2014,1,39,1.00E-02,3,3,3,3,0,1,1,24,15,NA,NA,NA,NA
151,9,2014,1,39,1.00E-03,3,3,3,3,0,0,0,24,15,NA,NA,NA,NA
151,9,2014,1,39,1.00E-04,3,3,2,0,0,0,0,24,15,NA,NA,NA,NA
151,9,2014,1,39,1.00E-05,2,1,0,1,0,0,0,24,15,NA,NA,NA,NA
151,9,2014,1,39,1.00E-06,1,1,0,0,0,0,0,24,15,NA,NA,NA,NA
152,9,2014,1,39,1.00E-01,3,3,3,3,0,0,0,24,15,NA,NA,NA,NA
152,9,2014,1,39,1.00E-02,3,3,3,3,0,0,0,24,15,NA,NA,NA,NA
152,9,2014,1,39,1.00E-03,3,3,3,2,0,0,0,24,15,NA,NA,NA,NA
152,9,2014,1,39,1.00E-04,3,3,2,1,0,0,0,24,15,NA,NA,NA,NA
152,9,2014,1,39,1.00E-05,1,2,1,2,0,0,0,24,15,NA,NA,NA,NA
152,9,2014,1,39,1.00E-06,0,0,0,0,0,0,0,24,15,NA,NA,NA,NA
153,9,2014,1,39,1.00E-01,3,3,3,3,0,1,1,24,15,NA,NA,NA,NA
153,9,2014,1,39,1.00E-02,3,3,3,3,0,1,1,24,15,NA,NA,NA,NA
153,9,2014,1,39,1.00E-03,3,3,2,2,0,0,0,24,15,NA,NA,NA,NA
153,9,2014,1,39,1.00E-04,3,3,1,2,0,0,0,24,15,NA,NA,NA,NA
153,9,2014,1,39,1.00E-05,0,0,0,0,0,0,0,24,15,NA,NA,NA,NA
153,9,2014,1,39,1.00E-06,0,0,0,0,0,0,0,24,15,NA,NA,NA,NA
154,9,2014,1,39,1.00E-01,3,3,3,3,0,1,1,24,15,NA,NA,NA,NA
154,9,2014,1,39,1.00E-02,3,3,3,3,0,0,0,24,15,NA,NA,NA,NA
154,9,2014,1,39,1.00E-03,3,3,3,2,0,0,0,24,15,NA,NA,NA,NA
154,9,2014,1,39,1.00E-04,3,3,3,2,0,0,0,24,15,NA,NA,NA,NA
154,9,2014,1,39,1.00E-05,2,1,0,0,0,0,0,24,15,NA,NA,NA,NA
154,9,2014,1,39,1.00E-06,1,2,0,0,0,0,0,24,15,NA,NA,NA,NA
155,9,2014,2,40,1.00E-01,3,3,3,3,2,1,2,24,22,NA,NA,NA,NA
155,9,2014,2,40,1.00E-02,3,3,3,3,0,0,0,24,22,NA,NA,NA,NA
155,9,2014,2,40,1.00E-03,3,3,1,3,0,0,0,24,22,NA,NA,NA,NA
155,9,2014,2,40,1.00E-04,3,3,2,2,0,0,0,24,22,NA,NA,NA,NA
155,9,2014,2,40,1.00E-05,1,2,1,2,0,0,0,24,22,NA,NA,NA,NA
155,9,2014,2,40,1.00E-06,0,0,0,0,0,0,0,24,22,NA,NA,NA,NA
156,9,2014,2,40,1.00E-01,3,3,3,3,0,0,0,24,22,NA,NA,NA,NA
156,9,2014,2,40,1.00E-02,3,3,3,3,0,0,0,24,22,NA,NA,NA,NA
156,9,2014,2,40,1.00E-03,3,3,3,3,0,0,0,24,22,NA,NA,NA,NA
156,9,2014,2,40,1.00E-04,3,3,2,3,0,0,0,24,22,NA,NA,NA,NA
156,9,2014,2,40,1.00E-05,3,1,1,0,0,0,0,24,22,NA,NA,NA,NA
156,9,2014,2,40,1.00E-06,0,0,0,0,0,0,0,24,22,NA,NA,NA,NA
157,9,2014,2,40,1.00E-01,3,3,3,3,0,1,1,24,22,NA,NA,NA,NA
157,9,2014,2,40,1.00E-02,3,3,3,3,0,0,0,24,22,NA,NA,NA,NA
157,9,2014,2,40,1.00E-03,3,3,0,3,0,0,0,24,22,NA,NA,NA,NA
157,9,2014,2,40,1.00E-04,3,0,0,2,0,0,0,24,22,NA,NA,NA,NA
157,9,2014,2,40,1.00E-05,2,1,0,0,0,0,0,24,22,NA,NA,NA,NA
157,9,2014,2,40,1.00E-06,0,0,0,0,0,0,0,24,22,NA,NA,NA,NA
158,9,2014,2,40,1.00E-01,3,3,3,3,0,0,0,24,22,NA,NA,NA,NA
158,9,2014,2,40,1.00E-02,3,3,3,3,0,0,0,24,22,NA,NA,NA,NA
158,9,2014,2,40,1.00E-03,3,3,2,3,0,0,0,24,22,NA,NA,NA,NA
158,9,2014,2,40,1.00E-04,3,2,1,2,0,0,0,24,22,NA,NA,NA,NA
158,9,2014,2,40,1.00E-05,2,0,0,0,0,0,0,24,22,NA,NA,NA,NA
158,9,2014,2,40,1.00E-06,0,0,0,0,0,0,0,24,22,NA,NA,NA,NA
159,9,2014,4,41,1.00E-01,3,2,1,3,0,0,0,25,30,NA,NA,NA,NA
159,9,2014,4,41,1.00E-02,3,1,0,3,0,0,0,25,30,NA,NA,NA,NA
159,9,2014,4,41,1.00E-03,3,2,2,3,0,0,0,25,30,NA,NA,NA,NA
159,9,2014,4,41,1.00E-04,2,0,0,1,0,0,0,25,30,NA,NA,NA,NA
159,9,2014,4,41,1.00E-05,0,0,0,0,0,0,0,25,30,NA,NA,NA,NA
159,9,2014,4,41,1.00E-06,0,0,0,0,0,0,0,25,30,NA,NA,NA,NA
160,9,2014,4,41,1.00E-01,3,1,0,3,0,0,0,25,30,NA,NA,NA,NA
160,9,2014,4,41,1.00E-02,3,1,1,2,0,0,0,25,30,NA,NA,NA,NA
160,9,2014,4,41,1.00E-03,3,1,0,1,0,0,0,25,30,NA,NA,NA,NA
160,9,2014,4,41,1.00E-04,0,0,0,0,0,0,0,25,30,NA,NA,NA,NA
160,9,2014,4,41,1.00E-05,0,0,0,0,0,0,0,25,30,NA,NA,NA,NA
160,9,2014,4,41,1.00E-06,0,0,0,0,0,0,0,25,30,NA,NA,NA,NA
161,9,2014,4,41,1.00E-01,3,2,2,3,0,0,0,25,30,NA,NA,NA,NA
161,9,2014,4,41,1.00E-02,3,0,0,2,0,0,0,25,30,NA,NA,NA,NA
161,9,2014,4,41,1.00E-03,3,0,0,1,0,0,0,25,30,NA,NA,NA,NA
161,9,2014,4,41,1.00E-04,1,2,0,2,0,0,0,25,30,NA,NA,NA,NA
161,9,2014,4,41,1.00E-05,0,0,0,0,0,0,0,25,30,NA,NA,NA,NA
161,9,2014,4,41,1.00E-06,0,0,0,0,0,0,0,25,30,NA,NA,NA,NA
162,9,2014,4,41,1.00E-01,3,0,0,3,0,0,0,25,30,NA,NA,NA,NA
162,9,2014,4,41,1.00E-02,3,0,0,2,0,0,0,25,30,NA,NA,NA,NA
162,9,2014,4,41,1.00E-03,3,0,0,0,0,0,0,25,30,NA,NA,NA,NA
162,9,2014,4,41,1.00E-04,2,1,0,1,0,0,0,25,30,NA,NA,NA,NA
162,9,2014,4,41,1.00E-05,1,0,0,2,0,0,0,25,30,NA,NA,NA,NA
162,9,2014,4,41,1.00E-06,0,0,0,0,0,0,0,25,30,NA,NA,NA,NA
163,9,2014,1,42,1.00E-01,3,3,3,3,0,0,0,22,14,NA,NA,NA,NA
163,9,2014,1,42,1.00E-02,3,3,3,3,0,0,0,22,14,NA,NA,NA,NA
163,9,2014,1,42,1.00E-03,3,3,3,3,0,0,0,22,14,NA,NA,NA,NA
163,9,2014,1,42,1.00E-04,3,2,1,3,0,0,0,22,14,NA,NA,NA,NA
163,9,2014,1,42,1.00E-05,2,1,0,0,0,0,0,22,14,NA,NA,NA,NA
163,9,2014,1,42,1.00E-06,1,0,0,0,0,0,0,22,14,NA,NA,NA,NA
164,9,2014,1,42,1.00E-01,3,3,3,3,0,0,0,22,14,NA,NA,NA,NA
164,9,2014,1,42,1.00E-02,3,3,3,3,0,0,0,22,14,NA,NA,NA,NA
164,9,2014,1,42,1.00E-03,3,3,3,3,0,0,0,22,14,NA,NA,NA,NA
164,9,2014,1,42,1.00E-04,3,2,0,2,0,0,0,22,14,NA,NA,NA,NA
164,9,2014,1,42,1.00E-05,1,0,0,3,0,0,0,22,14,NA,NA,NA,NA
164,9,2014,1,42,1.00E-06,0,0,0,0,0,0,0,22,14,NA,NA,NA,NA
165,9,2014,1,42,1.00E-01,3,3,3,3,0,1,1,22,14,NA,NA,NA,NA
165,9,2014,1,42,1.00E-02,3,3,3,3,0,0,0,22,14,NA,NA,NA,NA
165,9,2014,1,42,1.00E-03,3,3,3,3,0,0,0,22,14,NA,NA,NA,NA
165,9,2014,1,42,1.00E-04,3,3,1,3,0,0,0,22,14,NA,NA,NA,NA
165,9,2014,1,42,1.00E-05,3,3,2,3,0,0,0,22,14,NA,NA,NA,NA
165,9,2014,1,42,1.00E-06,2,1,0,0,0,0,0,22,14,NA,NA,NA,NA
166,9,2014,1,42,1.00E-01,3,3,3,3,0,0,0,22,14,NA,NA,NA,NA
166,9,2014,1,42,1.00E-02,3,3,3,3,0,0,0,22,14,NA,NA,NA,NA
166,9,2014,1,42,1.00E-03,3,3,1,3,0,0,0,22,14,NA,NA,NA,NA
166,9,2014,1,42,1.00E-04,3,3,1,2,0,0,0,22,14,NA,NA,NA,NA
166,9,2014,1,42,1.00E-05,2,2,1,2,0,0,0,22,14,NA,NA,NA,NA
166,9,2014,1,42,1.00E-06,0,0,0,0,0,0,0,22,14,NA,NA,NA,NA
167,9,2014,2,43,1.00E-01,3,3,3,3,0,1,1,24,21,NA,NA,NA,NA
167,9,2014,2,43,1.00E-02,3,3,3,3,0,0,0,24,21,NA,NA,NA,NA
167,9,2014,2,43,1.00E-03,3,3,1,3,0,0,0,24,21,NA,NA,NA,NA
167,9,2014,2,43,1.00E-04,3,1,0,3,0,0,0,24,21,NA,NA,NA,NA
167,9,2014,2,43,1.00E-05,1,0,0,0,0,0,0,24,21,NA,NA,NA,NA
167,9,2014,2,43,1.00E-06,0,0,0,0,0,0,0,24,21,NA,NA,NA,NA
168,9,2014,2,43,1.00E-01,3,3,3,3,0,0,0,24,21,NA,NA,NA,NA
168,9,2014,2,43,1.00E-02,3,3,3,3,0,0,0,24,21,NA,NA,NA,NA
168,9,2014,2,43,1.00E-03,3,2,3,3,0,0,0,24,21,NA,NA,NA,NA
168,9,2014,2,43,1.00E-04,3,2,0,1,0,0,0,24,21,NA,NA,NA,NA
168,9,2014,2,43,1.00E-05,1,1,1,1,0,0,0,24,21,NA,NA,NA,NA
168,9,2014,2,43,1.00E-06,0,0,0,0,0,0,0,24,21,NA,NA,NA,NA
169,9,2014,2,43,1.00E-01,3,3,3,3,0,1,1,24,21,NA,NA,NA,NA
169,9,2014,2,43,1.00E-02,3,3,3,3,0,0,0,24,21,NA,NA,NA,NA
169,9,2014,2,43,1.00E-03,3,2,0,3,0,0,0,24,21,NA,NA,NA,NA
169,9,2014,2,43,1.00E-04,3,2,0,0,0,0,0,24,21,NA,NA,NA,NA
169,9,2014,2,43,1.00E-05,1,0,0,1,0,0,0,24,21,NA,NA,NA,NA
169,9,2014,2,43,1.00E-06,0,0,0,0,0,0,0,24,21,NA,NA,NA,NA
170,9,2014,2,43,1.00E-01,3,3,3,3,0,1,1,24,21,NA,NA,NA,NA
170,9,2014,2,43,1.00E-02,3,3,3,3,0,0,0,24,21,NA,NA,NA,NA
170,9,2014,2,43,1.00E-03,3,3,0,3,0,0,0,24,21,NA,NA,NA,NA
170,9,2014,2,43,1.00E-04,3,1,0,2,0,0,0,24,21,NA,NA,NA,NA
170,9,2014,2,43,1.00E-05,0,0,0,0,0,0,0,24,21,NA,NA,NA,NA
170,9,2014,2,43,1.00E-06,0,0,0,0,0,0,0,24,21,NA,NA,NA,NA
171,9,2014,4,44,1.00E-01,3,0,0,3,0,0,0,22,34,NA,NA,NA,NA
171,9,2014,4,44,1.00E-02,3,0,0,3,0,0,0,22,34,NA,NA,NA,NA
171,9,2014,4,44,1.00E-03,3,1,1,2,0,0,0,22,34,NA,NA,NA,NA
171,9,2014,4,44,1.00E-04,3,1,0,0,0,0,0,22,34,NA,NA,NA,NA
171,9,2014,4,44,1.00E-05,0,0,0,0,0,0,0,22,34,NA,NA,NA,NA
171,9,2014,4,44,1.00E-06,0,0,0,0,0,0,0,22,34,NA,NA,NA,NA
172,9,2014,4,44,1.00E-01,3,3,3,3,0,0,0,22,34,NA,NA,NA,NA
172,9,2014,4,44,1.00E-02,3,2,2,2,0,0,0,22,34,NA,NA,NA,NA
172,9,2014,4,44,1.00E-03,3,3,3,2,0,0,0,22,34,NA,NA,NA,NA
172,9,2014,4,44,1.00E-04,3,1,0,0,0,0,0,22,34,NA,NA,NA,NA
172,9,2014,4,44,1.00E-05,2,1,0,1,0,0,0,22,34,NA,NA,NA,NA
172,9,2014,4,44,1.00E-06,0,0,0,0,0,0,0,22,34,NA,NA,NA,NA
173,9,2014,4,44,1.00E-01,3,3,0,3,0,0,0,22,34,NA,NA,NA,NA
173,9,2014,4,44,1.00E-02,3,1,0,3,0,0,0,22,34,NA,NA,NA,NA
173,9,2014,4,44,1.00E-03,3,2,1,2,0,0,0,22,34,NA,NA,NA,NA
173,9,2014,4,44,1.00E-04,2,0,0,0,0,0,0,22,34,NA,NA,NA,NA
173,9,2014,4,44,1.00E-05,1,3,3,3,0,0,0,22,34,NA,NA,NA,NA
173,9,2014,4,44,1.00E-06,0,0,0,0,0,0,0,22,34,NA,NA,NA,NA
174,9,2014,4,44,1.00E-01,3,1,0,3,0,0,0,22,34,NA,NA,NA,NA
174,9,2014,4,44,1.00E-02,3,1,0,2,0,0,0,22,34,NA,NA,NA,NA
174,9,2014,4,44,1.00E-03,3,0,0,0,0,0,0,22,34,NA,NA,NA,NA
174,9,2014,4,44,1.00E-04,1,1,1,0,0,0,0,22,34,NA,NA,NA,NA
174,9,2014,4,44,1.00E-05,0,0,0,0,0,0,0,22,34,NA,NA,NA,NA
174,9,2014,4,44,1.00E-06,0,0,0,0,0,0,0,22,34,NA,NA,NA,NA
175,10,2014,1,45,1.00E-01,3,3,3,3,1,1,1,20,12,NA,NA,NA,NA
175,10,2014,1,45,1.00E-02,3,3,3,3,0,1,1,20,12,NA,NA,NA,NA
175,10,2014,1,45,1.00E-03,3,3,3,3,0,0,0,20,12,NA,NA,NA,NA
175,10,2014,1,45,1.00E-04,3,3,0,1,0,0,0,20,12,NA,NA,NA,NA
175,10,2014,1,45,1.00E-05,3,2,0,0,0,0,0,20,12,NA,NA,NA,NA
175,10,2014,1,45,1.00E-06,0,0,0,0,0,0,0,20,12,NA,NA,NA,NA
176,10,2014,1,45,1.00E-01,3,3,3,3,0,1,1,20,12,NA,NA,NA,NA
176,10,2014,1,45,1.00E-02,3,3,3,3,0,1,1,20,12,NA,NA,NA,NA
176,10,2014,1,45,1.00E-03,3,3,3,3,0,0,0,20,12,NA,NA,NA,NA
176,10,2014,1,45,1.00E-04,3,3,0,2,0,0,0,20,12,NA,NA,NA,NA
176,10,2014,1,45,1.00E-05,3,3,2,1,0,0,0,20,12,NA,NA,NA,NA
176,10,2014,1,45,1.00E-06,0,0,0,0,0,0,0,20,12,NA,NA,NA,NA
177,10,2014,1,45,1.00E-01,3,3,3,3,0,2,2,20,12,NA,NA,NA,NA
177,10,2014,1,45,1.00E-02,3,3,3,3,0,0,0,20,12,NA,NA,NA,NA
177,10,2014,1,45,1.00E-03,3,3,3,3,1,0,1,20,12,NA,NA,NA,NA
177,10,2014,1,45,1.00E-04,3,3,2,2,0,0,0,20,12,NA,NA,NA,NA
177,10,2014,1,45,1.00E-05,2,2,1,1,0,0,0,20,12,NA,NA,NA,NA
177,10,2014,1,45,1.00E-06,1,1,0,1,0,0,0,20,12,NA,NA,NA,NA
178,10,2014,1,45,1.00E-01,3,3,3,3,1,0,1,20,12,NA,NA,NA,NA
178,10,2014,1,45,1.00E-02,3,3,3,3,0,0,0,20,12,NA,NA,NA,NA
178,10,2014,1,45,1.00E-03,3,3,3,3,0,0,0,20,12,NA,NA,NA,NA
178,10,2014,1,45,1.00E-04,3,3,1,2,0,0,0,20,12,NA,NA,NA,NA
178,10,2014,1,45,1.00E-05,3,3,1,1,0,0,0,20,12,NA,NA,NA,NA
178,10,2014,1,45,1.00E-06,1,3,2,2,0,0,0,20,12,NA,NA,NA,NA
179,10,2014,2,46,1.00E-01,3,3,3,3,1,1,1,18,24,NA,NA,NA,NA
179,10,2014,2,46,1.00E-02,3,3,1,3,1,0,1,18,24,NA,NA,NA,NA
179,10,2014,2,46,1.00E-03,3,2,2,3,0,0,0,18,24,NA,NA,NA,NA
179,10,2014,2,46,1.00E-04,3,0,0,2,0,0,0,18,24,NA,NA,NA,NA
179,10,2014,2,46,1.00E-05,0,0,0,0,0,0,0,18,24,NA,NA,NA,NA
179,10,2014,2,46,1.00E-06,0,0,0,0,0,0,0,18,24,NA,NA,NA,NA
180,10,2014,2,46,1.00E-01,3,3,3,3,0,1,1,18,24,NA,NA,NA,NA
180,10,2014,2,46,1.00E-02,3,3,3,3,0,0,0,18,24,NA,NA,NA,NA
180,10,2014,2,46,1.00E-03,3,1,1,3,0,0,0,18,24,NA,NA,NA,NA
180,10,2014,2,46,1.00E-04,3,0,0,3,0,0,0,18,24,NA,NA,NA,NA
180,10,2014,2,46,1.00E-05,3,2,1,1,0,0,0,18,24,NA,NA,NA,NA
180,10,2014,2,46,1.00E-06,0,0,0,0,0,0,0,18,24,NA,NA,NA,NA
181,10,2014,2,46,1.00E-01,3,3,3,3,0,0,0,18,24,NA,NA,NA,NA
181,10,2014,2,46,1.00E-02,3,2,1,3,0,0,0,18,24,NA,NA,NA,NA
181,10,2014,2,46,1.00E-03,3,2,0,3,0,0,0,18,24,NA,NA,NA,NA
181,10,2014,2,46,1.00E-04,3,1,0,1,0,0,0,18,24,NA,NA,NA,NA
181,10,2014,2,46,1.00E-05,1,1,0,1,0,0,0,18,24,NA,NA,NA,NA
181,10,2014,2,46,1.00E-06,0,0,0,0,0,0,0,18,24,NA,NA,NA,NA
182,10,2014,2,46,1.00E-01,3,3,3,3,0,2,2,18,24,NA,NA,NA,NA
182,10,2014,2,46,1.00E-02,3,3,2,3,0,0,0,18,24,NA,NA,NA,NA
182,10,2014,2,46,1.00E-03,3,1,0,3,0,0,0,18,24,NA,NA,NA,NA
182,10,2014,2,46,1.00E-04,3,3,1,3,0,0,0,18,24,NA,NA,NA,NA
182,10,2014,2,46,1.00E-05,0,0,0,0,0,0,0,18,24,NA,NA,NA,NA
182,10,2014,2,46,1.00E-06,0,0,0,0,0,0,0,18,24,NA,NA,NA,NA
183,10,2014,4,47,1.00E-01,3,1,1,3,0,0,0,19,32,NA,NA,NA,NA
183,10,2014,4,47,1.00E-02,3,2,1,2,0,0,0,19,32,NA,NA,NA,NA
183,10,2014,4,47,1.00E-03,2,2,0,0,0,0,0,19,32,NA,NA,NA,NA
183,10,2014,4,47,1.00E-04,0,0,0,0,0,0,0,19,32,NA,NA,NA,NA
183,10,2014,4,47,1.00E-05,0,0,0,0,0,0,0,19,32,NA,NA,NA,NA
183,10,2014,4,47,1.00E-06,0,0,0,0,0,0,0,19,32,NA,NA,NA,NA
184,10,2014,4,47,1.00E-01,3,3,0,3,0,0,0,19,32,NA,NA,NA,NA
184,10,2014,4,47,1.00E-02,3,0,0,0,0,0,0,19,32,NA,NA,NA,NA
184,10,2014,4,47,1.00E-03,1,0,0,1,0,0,0,19,32,NA,NA,NA,NA
184,10,2014,4,47,1.00E-04,0,0,0,0,0,0,0,19,32,NA,NA,NA,NA
184,10,2014,4,47,1.00E-05,0,0,0,0,0,0,0,19,32,NA,NA,NA,NA
184,10,2014,4,47,1.00E-06,0,0,0,0,0,0,0,19,32,NA,NA,NA,NA
185,10,2014,4,47,1.00E-01,3,0,0,3,1,0,1,19,32,NA,NA,NA,NA
185,10,2014,4,47,1.00E-02,3,0,0,1,0,0,0,19,32,NA,NA,NA,NA
185,10,2014,4,47,1.00E-03,2,2,0,2,0,0,0,19,32,NA,NA,NA,NA
185,10,2014,4,47,1.00E-04,0,0,0,0,0,0,0,19,32,NA,NA,NA,NA
185,10,2014,4,47,1.00E-05,0,0,0,0,0,0,0,19,32,NA,NA,NA,NA
185,10,2014,4,47,1.00E-06,0,0,0,0,0,0,0,19,32,NA,NA,NA,NA
186,10,2014,4,47,1.00E-01,3,1,0,3,0,0,0,19,32,NA,NA,NA,NA
186,10,2014,4,47,1.00E-02,3,1,0,1,0,0,0,19,32,NA,NA,NA,NA
186,10,2014,4,47,1.00E-03,2,1,1,1,0,0,0,19,32,NA,NA,NA,NA
186,10,2014,4,47,1.00E-04,0,0,0,0,0,0,0,19,32,NA,NA,NA,NA
186,10,2014,4,47,1.00E-05,0,0,0,0,0,0,0,19,32,NA,NA,NA,NA
186,10,2014,4,47,1.00E-06,0,0,0,0,0,0,0,19,32,NA,NA,NA,NA
187,10,2014,1,48,1.00E-01,3,3,3,3,0,1,1,17,14,NA,NA,NA,NA
187,10,2014,1,48,1.00E-02,3,3,2,3,0,0,0,17,14,NA,NA,NA,NA
187,10,2014,1,48,1.00E-03,3,3,1,3,0,0,0,17,14,NA,NA,NA,NA
187,10,2014,1,48,1.00E-04,2,0,0,0,0,0,0,17,14,NA,NA,NA,NA
187,10,2014,1,48,1.00E-05,0,0,0,0,0,0,0,17,14,NA,NA,NA,NA
187,10,2014,1,48,1.00E-06,0,0,0,0,0,0,0,17,14,NA,NA,NA,NA
188,10,2014,1,48,1.00E-01,3,3,3,3,0,0,0,17,14,NA,NA,NA,NA
188,10,2014,1,48,1.00E-02,3,3,3,3,0,0,0,17,14,NA,NA,NA,NA
188,10,2014,1,48,1.00E-03,3,3,1,1,0,0,0,17,14,NA,NA,NA,NA
188,10,2014,1,48,1.00E-04,3,1,1,1,0,0,0,17,14,NA,NA,NA,NA
188,10,2014,1,48,1.00E-05,1,0,0,1,0,0,0,17,14,NA,NA,NA,NA
188,10,2014,1,48,1.00E-06,0,0,0,0,0,0,0,17,14,NA,NA,NA,NA
189,10,2014,1,48,1.00E-01,3,3,3,3,0,0,0,17,14,NA,NA,NA,NA
189,10,2014,1,48,1.00E-02,3,3,3,3,0,0,0,17,14,NA,NA,NA,NA
189,10,2014,1,48,1.00E-03,3,2,2,2,0,0,0,17,14,NA,NA,NA,NA
189,10,2014,1,48,1.00E-04,3,2,0,3,0,0,0,17,14,NA,NA,NA,NA
189,10,2014,1,48,1.00E-05,2,2,0,0,0,0,0,17,14,NA,NA,NA,NA
189,10,2014,1,48,1.00E-06,0,0,0,0,0,0,0,17,14,NA,NA,NA,NA
190,10,2014,1,48,1.00E-01,3,3,3,3,0,0,0,17,14,NA,NA,NA,NA
190,10,2014,1,48,1.00E-02,3,3,3,3,0,0,0,17,14,NA,NA,NA,NA
190,10,2014,1,48,1.00E-03,3,2,1,2,0,0,0,17,14,NA,NA,NA,NA
190,10,2014,1,48,1.00E-04,3,1,0,0,0,0,0,17,14,NA,NA,NA,NA
190,10,2014,1,48,1.00E-05,1,0,0,0,0,0,0,17,14,NA,NA,NA,NA
190,10,2014,1,48,1.00E-06,0,0,0,0,0,0,0,17,14,NA,NA,NA,NA
191,10,2014,2,49,1.00E-01,3,3,3,3,1,2,2,16,21,NA,NA,NA,NA
191,10,2014,2,49,1.00E-02,3,3,2,3,0,0,0,16,21,NA,NA,NA,NA
191,10,2014,2,49,1.00E-03,3,1,0,3,0,0,0,16,21,NA,NA,NA,NA
191,10,2014,2,49,1.00E-04,3,1,1,3,0,0,0,16,21,NA,NA,NA,NA
191,10,2014,2,49,1.00E-05,1,0,0,1,0,0,0,16,21,NA,NA,NA,NA
191,10,2014,2,49,1.00E-06,0,0,0,0,0,0,0,16,21,NA,NA,NA,NA
192,10,2014,2,49,1.00E-01,3,3,3,3,0,0,0,16,21,NA,NA,NA,NA
192,10,2014,2,49,1.00E-02,3,3,2,3,0,0,0,16,21,NA,NA,NA,NA
192,10,2014,2,49,1.00E-03,3,0,0,3,0,0,0,16,21,NA,NA,NA,NA
192,10,2014,2,49,1.00E-04,2,0,0,0,0,0,0,16,21,NA,NA,NA,NA
192,10,2014,2,49,1.00E-05,1,0,0,0,0,0,0,16,21,NA,NA,NA,NA
192,10,2014,2,49,1.00E-06,0,0,0,0,0,0,0,16,21,NA,NA,NA,NA
193,10,2014,2,49,1.00E-01,3,3,3,3,1,0,1,16,21,NA,NA,NA,NA
193,10,2014,2,49,1.00E-02,3,2,1,3,0,0,0,16,21,NA,NA,NA,NA
193,10,2014,2,49,1.00E-03,3,1,1,3,0,0,0,16,21,NA,NA,NA,NA
193,10,2014,2,49,1.00E-04,2,0,0,2,0,0,0,16,21,NA,NA,NA,NA
193,10,2014,2,49,1.00E-05,1,0,0,1,0,0,0,16,21,NA,NA,NA,NA
193,10,2014,2,49,1.00E-06,0,0,0,0,0,0,0,16,21,NA,NA,NA,NA
194,10,2014,2,49,1.00E-01,3,3,3,3,1,2,2,16,21,NA,NA,NA,NA
194,10,2014,2,49,1.00E-02,3,1,0,3,0,0,0,16,21,NA,NA,NA,NA
194,10,2014,2,49,1.00E-03,3,0,0,3,0,0,0,16,21,NA,NA,NA,NA
194,10,2014,2,49,1.00E-04,3,0,0,2,0,0,0,16,21,NA,NA,NA,NA
194,10,2014,2,49,1.00E-05,0,0,0,0,0,0,0,16,21,NA,NA,NA,NA
194,10,2014,2,49,1.00E-06,0,0,0,0,0,0,0,16,21,NA,NA,NA,NA
195,10,2014,4,50,1.00E-01,3,1,0,3,1,0,1,17,31,NA,NA,NA,NA
195,10,2014,4,50,1.00E-02,3,0,0,2,0,0,0,17,31,NA,NA,NA,NA
195,10,2014,4,50,1.00E-03,3,0,0,1,0,0,0,17,31,NA,NA,NA,NA
195,10,2014,4,50,1.00E-04,2,0,0,0,0,0,0,17,31,NA,NA,NA,NA
195,10,2014,4,50,1.00E-05,0,0,0,0,0,0,0,17,31,NA,NA,NA,NA
195,10,2014,4,50,1.00E-06,0,0,0,0,0,0,0,17,31,NA,NA,NA,NA
196,10,2014,4,50,1.00E-01,3,1,0,3,0,0,0,17,31,NA,NA,NA,NA
196,10,2014,4,50,1.00E-02,3,0,0,1,0,0,0,17,31,NA,NA,NA,NA
196,10,2014,4,50,1.00E-03,0,0,0,0,0,0,0,17,31,NA,NA,NA,NA
196,10,2014,4,50,1.00E-04,0,0,0,0,0,0,0,17,31,NA,NA,NA,NA
196,10,2014,4,50,1.00E-05,0,0,0,0,0,0,0,17,31,NA,NA,NA,NA
196,10,2014,4,50,1.00E-06,0,0,0,0,0,0,0,17,31,NA,NA,NA,NA
197,10,2014,4,50,1.00E-01,3,1,0,3,0,0,0,17,31,NA,NA,NA,NA
197,10,2014,4,50,1.00E-02,3,0,0,1,0,0,0,17,31,NA,NA,NA,NA
197,10,2014,4,50,1.00E-03,0,0,0,0,0,0,0,17,31,NA,NA,NA,NA
197,10,2014,4,50,1.00E-04,0,0,0,0,0,0,0,17,31,NA,NA,NA,NA
197,10,2014,4,50,1.00E-05,0,0,0,0,0,0,0,17,31,NA,NA,NA,NA
197,10,2014,4,50,1.00E-06,0,0,0,0,0,0,0,17,31,NA,NA,NA,NA
198,10,2014,4,50,1.00E-01,3,1,0,3,0,0,0,17,31,NA,NA,NA,NA
198,10,2014,4,50,1.00E-02,3,0,0,1,0,0,0,17,31,NA,NA,NA,NA
198,10,2014,4,50,1.00E-03,0,0,0,0,0,0,0,17,31,NA,NA,NA,NA
198,10,2014,4,50,1.00E-04,0,0,0,0,0,0,0,17,31,NA,NA,NA,NA
198,10,2014,4,50,1.00E-05,0,0,0,0,0,0,0,17,31,NA,NA,NA,NA
198,10,2014,4,50,1.00E-06,0,0,0,0,0,0,0,17,31,NA,NA,NA,NA
199,11,2014,1,51,1.00E-01,3,3,3,3,0,0,0,11,16,NA,NA,NA,NA
199,11,2014,1,51,1.00E-02,3,0,0,3,0,0,0,11,16,NA,NA,NA,NA
199,11,2014,1,51,1.00E-03,3,1,0,0,0,0,0,11,16,NA,NA,NA,NA
199,11,2014,1,51,1.00E-04,3,0,0,0,0,0,0,11,16,NA,NA,NA,NA
199,11,2014,1,51,1.00E-05,3,0,0,0,0,0,0,11,16,NA,NA,NA,NA
199,11,2014,1,51,1.00E-06,1,0,0,0,0,0,0,11,16,NA,NA,NA,NA
200,11,2014,1,51,1.00E-01,3,3,3,3,0,0,0,11,16,NA,NA,NA,NA
200,11,2014,1,51,1.00E-02,3,3,3,3,0,0,0,11,16,NA,NA,NA,NA
200,11,2014,1,51,1.00E-03,3,3,2,0,0,0,0,11,16,NA,NA,NA,NA
200,11,2014,1,51,1.00E-04,3,0,0,0,0,0,0,11,16,NA,NA,NA,NA
200,11,2014,1,51,1.00E-05,0,0,0,0,0,0,0,11,16,NA,NA,NA,NA
200,11,2014,1,51,1.00E-06,0,0,0,0,0,0,0,11,16,NA,NA,NA,NA
201,11,2014,1,51,1.00E-01,3,3,3,3,0,0,0,11,16,NA,NA,NA,NA
201,11,2014,1,51,1.00E-02,3,3,1,2,0,0,0,11,16,NA,NA,NA,NA
201,11,2014,1,51,1.00E-03,3,1,0,1,0,0,0,11,16,NA,NA,NA,NA
201,11,2014,1,51,1.00E-04,3,1,0,0,0,0,0,11,16,NA,NA,NA,NA
201,11,2014,1,51,1.00E-05,0,0,0,0,0,0,0,11,16,NA,NA,NA,NA
201,11,2014,1,51,1.00E-06,0,0,0,0,0,0,0,11,16,NA,NA,NA,NA
202,11,2014,1,51,1.00E-01,3,3,3,3,0,0,0,11,16,NA,NA,NA,NA
202,11,2014,1,51,1.00E-02,3,1,0,1,0,0,0,11,16,NA,NA,NA,NA
202,11,2014,1,51,1.00E-03,3,0,0,0,0,0,0,11,16,NA,NA,NA,NA
202,11,2014,1,51,1.00E-04,3,0,0,0,0,0,0,11,16,NA,NA,NA,NA
202,11,2014,1,51,1.00E-05,1,1,1,1,0,0,0,11,16,NA,NA,NA,NA
202,11,2014,1,51,1.00E-06,0,0,0,0,0,0,0,11,16,NA,NA,NA,NA
203,11,2014,2,52,1.00E-01,3,1,1,3,0,0,0,12,23,NA,NA,NA,NA
203,11,2014,2,52,1.00E-02,3,0,0,3,0,0,0,12,23,NA,NA,NA,NA
203,11,2014,2,52,1.00E-03,3,2,0,1,0,0,0,12,23,NA,NA,NA,NA
203,11,2014,2,52,1.00E-04,3,1,0,0,0,0,0,12,23,NA,NA,NA,NA
203,11,2014,2,52,1.00E-05,3,1,0,1,0,0,0,12,23,NA,NA,NA,NA
203,11,2014,2,52,1.00E-06,2,0,0,0,0,0,0,12,23,NA,NA,NA,NA
204,11,2014,2,52,1.00E-01,3,3,3,3,0,1,1,12,23,NA,NA,NA,NA
204,11,2014,2,52,1.00E-02,3,0,0,3,0,0,0,12,23,NA,NA,NA,NA
204,11,2014,2,52,1.00E-03,3,0,0,3,0,0,0,12,23,NA,NA,NA,NA
204,11,2014,2,52,1.00E-04,2,0,0,1,0,0,0,12,23,NA,NA,NA,NA
204,11,2014,2,52,1.00E-05,0,0,0,0,0,0,0,12,23,NA,NA,NA,NA
204,11,2014,2,52,1.00E-06,3,0,0,0,0,0,0,12,23,NA,NA,NA,NA
205,11,2014,2,52,1.00E-01,3,2,1,3,0,0,0,12,23,NA,NA,NA,NA
205,11,2014,2,52,1.00E-02,3,0,0,3,0,0,0,12,23,NA,NA,NA,NA
205,11,2014,2,52,1.00E-03,2,0,0,0,0,0,0,12,23,NA,NA,NA,NA
205,11,2014,2,52,1.00E-04,2,0,0,1,0,0,0,12,23,NA,NA,NA,NA
205,11,2014,2,52,1.00E-05,0,0,0,0,0,0,0,12,23,NA,NA,NA,NA
205,11,2014,2,52,1.00E-06,3,0,0,0,0,0,0,12,23,NA,NA,NA,NA
206,11,2014,2,52,1.00E-01,3,3,1,3,0,0,0,12,23,NA,NA,NA,NA
206,11,2014,2,52,1.00E-02,3,1,0,3,0,0,0,12,23,NA,NA,NA,NA
206,11,2014,2,52,1.00E-03,3,0,0,2,0,0,0,12,23,NA,NA,NA,NA
206,11,2014,2,52,1.00E-04,3,0,0,1,0,0,0,12,23,NA,NA,NA,NA
206,11,2014,2,52,1.00E-05,3,1,0,0,0,0,0,12,23,NA,NA,NA,NA
206,11,2014,2,52,1.00E-06,3,0,0,0,0,0,0,12,23,NA,NA,NA,NA
207,11,2014,4,53,1.00E-01,3,0,0,1,0,0,0,11,35,NA,NA,NA,NA
207,11,2014,4,53,1.00E-02,3,0,0,0,0,0,0,11,35,NA,NA,NA,NA
207,11,2014,4,53,1.00E-03,3,1,0,0,0,0,0,11,35,NA,NA,NA,NA
207,11,2014,4,53,1.00E-04,3,0,0,0,0,0,0,11,35,NA,NA,NA,NA
207,11,2014,4,53,1.00E-05,1,0,0,0,0,0,0,11,35,NA,NA,NA,NA
207,11,2014,4,53,1.00E-06,0,0,0,0,0,0,0,11,35,NA,NA,NA,NA
208,11,2014,4,53,1.00E-01,3,0,0,2,0,0,0,11,35,NA,NA,NA,NA
208,11,2014,4,53,1.00E-02,3,0,0,0,0,0,0,11,35,NA,NA,NA,NA
208,11,2014,4,53,1.00E-03,1,0,0,0,0,0,0,11,35,NA,NA,NA,NA
208,11,2014,4,53,1.00E-04,0,0,0,0,0,0,0,11,35,NA,NA,NA,NA
208,11,2014,4,53,1.00E-05,0,0,0,0,0,0,0,11,35,NA,NA,NA,NA
208,11,2014,4,53,1.00E-06,0,0,0,0,0,0,0,11,35,NA,NA,NA,NA
209,11,2014,4,53,1.00E-01,3,0,0,3,0,0,0,11,35,NA,NA,NA,NA
209,11,2014,4,53,1.00E-02,3,0,0,1,0,0,0,11,35,NA,NA,NA,NA
209,11,2014,4,53,1.00E-03,0,0,0,0,0,0,0,11,35,NA,NA,NA,NA
209,11,2014,4,53,1.00E-04,0,0,0,0,0,0,0,11,35,NA,NA,NA,NA
209,11,2014,4,53,1.00E-05,0,0,0,0,0,0,0,11,35,NA,NA,NA,NA
209,11,2014,4,53,1.00E-06,0,0,0,0,0,0,0,11,35,NA,NA,NA,NA
210,11,2014,4,53,1.00E-01,3,0,0,3,0,0,0,11,35,NA,NA,NA,NA
210,11,2014,4,53,1.00E-02,3,0,0,0,0,0,0,11,35,NA,NA,NA,NA
210,11,2014,4,53,1.00E-03,0,0,0,0,0,0,0,11,35,NA,NA,NA,NA
210,11,2014,4,53,1.00E-04,0,0,0,0,0,0,0,11,35,NA,NA,NA,NA
210,11,2014,4,53,1.00E-05,0,0,0,0,0,0,0,11,35,NA,NA,NA,NA
210,11,2014,4,53,1.00E-06,0,0,0,0,0,0,0,11,35,NA,NA,NA,NA
211,11,2014,1,54,1.00E-01,3,2,0,3,0,0,0,9,16,NA,NA,NA,NA
211,11,2014,1,54,1.00E-02,3,0,0,0,0,0,0,9,16,NA,NA,NA,NA
211,11,2014,1,54,1.00E-03,2,0,0,0,0,0,0,9,16,NA,NA,NA,NA
211,11,2014,1,54,1.00E-04,0,0,0,0,0,0,0,9,16,NA,NA,NA,NA
211,11,2014,1,54,1.00E-05,0,0,0,0,0,0,0,9,16,NA,NA,NA,NA
211,11,2014,1,54,1.00E-06,0,0,0,0,0,0,0,9,16,NA,NA,NA,NA
212,11,2014,1,54,1.00E-01,3,3,2,2,0,0,0,9,16,NA,NA,NA,NA
212,11,2014,1,54,1.00E-02,3,1,0,1,0,0,0,9,16,NA,NA,NA,NA
212,11,2014,1,54,1.00E-03,3,0,0,0,0,0,0,9,16,NA,NA,NA,NA
212,11,2014,1,54,1.00E-04,1,0,0,0,0,0,0,9,16,NA,NA,NA,NA
212,11,2014,1,54,1.00E-05,1,0,0,0,0,0,0,9,16,NA,NA,NA,NA
212,11,2014,1,54,1.00E-06,0,0,0,0,0,0,0,9,16,NA,NA,NA,NA
213,11,2014,1,54,1.00E-01,3,1,0,2,0,0,0,9,16,NA,NA,NA,NA
213,11,2014,1,54,1.00E-02,3,0,0,0,0,0,0,9,16,NA,NA,NA,NA
213,11,2014,1,54,1.00E-03,3,0,0,0,0,0,0,9,16,NA,NA,NA,NA
213,11,2014,1,54,1.00E-04,3,0,0,0,0,0,0,9,16,NA,NA,NA,NA
213,11,2014,1,54,1.00E-05,3,0,0,0,0,0,0,9,16,NA,NA,NA,NA
213,11,2014,1,54,1.00E-06,3,1,0,0,0,0,0,9,16,NA,NA,NA,NA
214,11,2014,1,54,1.00E-01,3,2,0,3,0,0,0,9,16,NA,NA,NA,NA
214,11,2014,1,54,1.00E-02,3,0,0,1,0,0,0,9,16,NA,NA,NA,NA
214,11,2014,1,54,1.00E-03,3,0,0,0,0,0,0,9,16,NA,NA,NA,NA
214,11,2014,1,54,1.00E-04,3,1,0,0,0,0,0,9,16,NA,NA,NA,NA
214,11,2014,1,54,1.00E-05,3,0,0,0,0,0,0,9,16,NA,NA,NA,NA
214,11,2014,1,54,1.00E-06,3,0,0,0,0,0,0,9,16,NA,NA,NA,NA
215,11,2014,2,55,1.00E-01,3,0,0,3,0,0,0,11,23,NA,NA,NA,NA
215,11,2014,2,55,1.00E-02,3,1,0,3,0,1,1,11,23,NA,NA,NA,NA
215,11,2014,2,55,1.00E-03,3,1,0,2,0,0,0,11,23,NA,NA,NA,NA
215,11,2014,2,55,1.00E-04,1,0,0,0,0,0,0,11,23,NA,NA,NA,NA
215,11,2014,2,55,1.00E-05,0,0,0,0,0,0,0,11,23,NA,NA,NA,NA
215,11,2014,2,55,1.00E-06,0,0,0,0,0,0,0,11,23,NA,NA,NA,NA
216,11,2014,2,55,1.00E-01,3,0,0,3,0,0,0,11,23,NA,NA,NA,NA
216,11,2014,2,55,1.00E-02,3,0,0,3,0,0,0,11,23,NA,NA,NA,NA
216,11,2014,2,55,1.00E-03,3,0,0,2,0,0,0,11,23,NA,NA,NA,NA
216,11,2014,2,55,1.00E-04,0,0,0,0,0,0,0,11,23,NA,NA,NA,NA
216,11,2014,2,55,1.00E-05,0,0,0,0,0,0,0,11,23,NA,NA,NA,NA
216,11,2014,2,55,1.00E-06,0,0,0,0,0,0,0,11,23,NA,NA,NA,NA
217,11,2014,2,55,1.00E-01,3,0,0,3,1,0,1,11,23,NA,NA,NA,NA
217,11,2014,2,55,1.00E-02,3,0,0,3,0,0,0,11,23,NA,NA,NA,NA
217,11,2014,2,55,1.00E-03,3,0,0,1,0,0,0,11,23,NA,NA,NA,NA
217,11,2014,2,55,1.00E-04,3,0,0,0,0,0,0,11,23,NA,NA,NA,NA
217,11,2014,2,55,1.00E-05,2,0,0,0,0,0,0,11,23,NA,NA,NA,NA
217,11,2014,2,55,1.00E-06,0,0,0,0,0,0,0,11,23,NA,NA,NA,NA
218,11,2014,2,55,1.00E-01,3,0,0,3,0,0,0,11,23,NA,NA,NA,NA
218,11,2014,2,55,1.00E-02,3,0,0,1,0,0,0,11,23,NA,NA,NA,NA
218,11,2014,2,55,1.00E-03,3,0,0,0,0,0,0,11,23,NA,NA,NA,NA
218,11,2014,2,55,1.00E-04,0,0,0,0,0,0,0,11,23,NA,NA,NA,NA
218,11,2014,2,55,1.00E-05,0,0,0,0,0,0,0,11,23,NA,NA,NA,NA
218,11,2014,2,55,1.00E-06,0,0,0,0,0,0,0,11,23,NA,NA,NA,NA
219,11,2014,4,56,1.00E-01,3,1,1,3,0,0,0,11,35,NA,NA,NA,NA
219,11,2014,4,56,1.00E-02,3,0,0,2,0,0,0,11,35,NA,NA,NA,NA
219,11,2014,4,56,1.00E-03,3,0,0,1,0,0,0,11,35,NA,NA,NA,NA
219,11,2014,4,56,1.00E-04,3,0,0,0,0,0,0,11,35,NA,NA,NA,NA
219,11,2014,4,56,1.00E-05,0,0,0,0,0,0,0,11,35,NA,NA,NA,NA
219,11,2014,4,56,1.00E-06,0,0,0,0,0,0,0,11,35,NA,NA,NA,NA
220,11,2014,4,56,1.00E-01,3,0,0,3,0,0,0,11,35,NA,NA,NA,NA
220,11,2014,4,56,1.00E-02,3,0,0,1,0,0,0,11,35,NA,NA,NA,NA
220,11,2014,4,56,1.00E-03,2,0,0,1,0,0,0,11,35,NA,NA,NA,NA
220,11,2014,4,56,1.00E-04,0,0,0,0,0,0,0,11,35,NA,NA,NA,NA
220,11,2014,4,56,1.00E-05,0,0,0,0,0,0,0,11,35,NA,NA,NA,NA
220,11,2014,4,56,1.00E-06,0,0,0,0,0,0,0,11,35,NA,NA,NA,NA
221,11,2014,4,56,1.00E-01,3,1,0,3,0,0,0,11,35,NA,NA,NA,NA
221,11,2014,4,56,1.00E-02,3,0,0,1,0,0,0,11,35,NA,NA,NA,NA
221,11,2014,4,56,1.00E-03,0,0,0,0,0,0,0,11,35,NA,NA,NA,NA
221,11,2014,4,56,1.00E-04,0,0,0,0,0,0,0,11,35,NA,NA,NA,NA
221,11,2014,4,56,1.00E-05,0,0,0,0,0,0,0,11,35,NA,NA,NA,NA
221,11,2014,4,56,1.00E-06,0,0,0,0,0,0,0,11,35,NA,NA,NA,NA
222,11,2014,4,56,1.00E-01,3,0,0,2,0,0,0,11,35,NA,NA,NA,NA
222,11,2014,4,56,1.00E-02,2,0,0,0,0,0,0,11,35,NA,NA,NA,NA
222,11,2014,4,56,1.00E-03,0,0,0,0,0,0,0,11,35,NA,NA,NA,NA
222,11,2014,4,56,1.00E-04,0,0,0,0,0,0,0,11,35,NA,NA,NA,NA
222,11,2014,4,56,1.00E-05,0,0,0,0,0,0,0,11,35,NA,NA,NA,NA
222,11,2014,4,56,1.00E-06,0,0,0,0,0,0,0,11,35,NA,NA,NA,NA
